ConfidenceRecord,PaymentRecord,NameConfidence,AmountConfidence,max,min
urn:cite:phoros:conflevel.1,urn:cite:phoros:payrec.1,Restored,Confident,100,40 
urn:cite:phoros:conflevel.2,urn:cite:phoros:payrec.2,Restored,Restored,100,4
urn:cite:phoros:conflevel.3,urn:cite:phoros:payrec.3,Restored,Restpred,100,2
urn:cite:phoros:conflevel.4,urn:cite:phoros:payrec.4,,,,
urn:cite:phoros:conflevel.5,urn:cite:phoros:payrec.5,,,,
urn:cite:phoros:conflevel.6,urn:cite:phoros:payrec.6,,,,
urn:cite:phoros:conflevel.7,urn:cite:phoros:payrec.7,,,,
urn:cite:phoros:conflevel.8,urn:cite:phoros:payrec.8,,,,
urn:cite:phoros:conflevel.9,urn:cite:phoros:payrec.9,,,,
urn:cite:phoros:conflevel.10,urn:cite:phoros:payrec.10,,,,
urn:cite:phoros:conflevel.11,urn:cite:phoros:payrec.11,,,,
urn:cite:phoros:conflevel.12,urn:cite:phoros:payrec.12,,,,
urn:cite:phoros:conflevel.13,urn:cite:phoros:payrec.13,,,,
urn:cite:phoros:conflevel.14,urn:cite:phoros:payrec.14,,,,
urn:cite:phoros:conflevel.15,urn:cite:phoros:payrec.15,,,,
urn:cite:phoros:conflevel.16,urn:cite:phoros:payrec.16,,,,
urn:cite:phoros:conflevel.17,urn:cite:phoros:payrec.17,,,,
urn:cite:phoros:conflevel.18,urn:cite:phoros:payrec.18,,,,
urn:cite:phoros:conflevel.19,urn:cite:phoros:payrec.19,,,,
urn:cite:phoros:conflevel.20,urn:cite:phoros:payrec.20,,,,
urn:cite:phoros:conflevel.21,urn:cite:phoros:payrec.21,,,,
urn:cite:phoros:conflevel.22,urn:cite:phoros:payrec.22,,,,
urn:cite:phoros:conflevel.23,urn:cite:phoros:payrec.23,,,,
urn:cite:phoros:conflevel.24,urn:cite:phoros:payrec.24,,,,
urn:cite:phoros:conflevel.25,urn:cite:phoros:payrec.25,,,,
urn:cite:phoros:conflevel.26,urn:cite:phoros:payrec.26,,,,
urn:cite:phoros:conflevel.27,urn:cite:phoros:payrec.27,,,,
urn:cite:phoros:conflevel.28,urn:cite:phoros:payrec.28,,,,
urn:cite:phoros:conflevel.29,urn:cite:phoros:payrec.29,,,,
urn:cite:phoros:conflevel.30,urn:cite:phoros:payrec.30,,,,
urn:cite:phoros:conflevel.31,urn:cite:phoros:payrec.31,,,,
urn:cite:phoros:conflevel.32,urn:cite:phoros:payrec.32,,,,
urn:cite:phoros:conflevel.33,urn:cite:phoros:payrec.33,,,,
urn:cite:phoros:conflevel.34,urn:cite:phoros:payrec.34,,,,
urn:cite:phoros:conflevel.35,urn:cite:phoros:payrec.35,,,,
urn:cite:phoros:conflevel.36,urn:cite:phoros:payrec.36,,,,
urn:cite:phoros:conflevel.37,urn:cite:phoros:payrec.37,,,,
urn:cite:phoros:conflevel.38,urn:cite:phoros:payrec.38,,,,
urn:cite:phoros:conflevel.39,urn:cite:phoros:payrec.39,,,,
urn:cite:phoros:conflevel.40,urn:cite:phoros:payrec.40,,,,
urn:cite:phoros:conflevel.41,urn:cite:phoros:payrec.41,,,,
urn:cite:phoros:conflevel.42,urn:cite:phoros:payrec.42,,,,
urn:cite:phoros:conflevel.43,urn:cite:phoros:payrec.43,,,,
urn:cite:phoros:conflevel.44,urn:cite:phoros:payrec.44,,,,
urn:cite:phoros:conflevel.45,urn:cite:phoros:payrec.45,,,,
urn:cite:phoros:conflevel.46,urn:cite:phoros:payrec.46,,,,
urn:cite:phoros:conflevel.47,urn:cite:phoros:payrec.47,,,,
urn:cite:phoros:conflevel.48,urn:cite:phoros:payrec.48,,,,
urn:cite:phoros:conflevel.49,urn:cite:phoros:payrec.49,,,,
urn:cite:phoros:conflevel.50,urn:cite:phoros:payrec.50,,,,
urn:cite:phoros:conflevel.51,urn:cite:phoros:payrec.51,,,,
urn:cite:phoros:conflevel.52,urn:cite:phoros:payrec.52,,,,
urn:cite:phoros:conflevel.53,urn:cite:phoros:payrec.53,,,,
urn:cite:phoros:conflevel.54,urn:cite:phoros:payrec.54,,,,
urn:cite:phoros:conflevel.55,urn:cite:phoros:payrec.55,,,,
urn:cite:phoros:conflevel.56,urn:cite:phoros:payrec.56,,,,
urn:cite:phoros:conflevel.57,urn:cite:phoros:payrec.57,,,,
urn:cite:phoros:conflevel.58,urn:cite:phoros:payrec.58,,,,
urn:cite:phoros:conflevel.59,urn:cite:phoros:payrec.59,,,,
urn:cite:phoros:conflevel.60,urn:cite:phoros:payrec.60,,,,
urn:cite:phoros:conflevel.61,urn:cite:phoros:payrec.61,,,,
urn:cite:phoros:conflevel.62,urn:cite:phoros:payrec.62,,,,
urn:cite:phoros:conflevel.63,urn:cite:phoros:payrec.63,,,,
urn:cite:phoros:conflevel.64,urn:cite:phoros:payrec.64,,,,
urn:cite:phoros:conflevel.65,urn:cite:phoros:payrec.65,,,,
urn:cite:phoros:conflevel.66,urn:cite:phoros:payrec.66,,,,
urn:cite:phoros:conflevel.67,urn:cite:phoros:payrec.67,,,,
urn:cite:phoros:conflevel.68,urn:cite:phoros:payrec.68,,,,
urn:cite:phoros:conflevel.69,urn:cite:phoros:payrec.69,,,,
urn:cite:phoros:conflevel.70,urn:cite:phoros:payrec.70,,,,
urn:cite:phoros:conflevel.71,urn:cite:phoros:payrec.71,,,,
urn:cite:phoros:conflevel.72,urn:cite:phoros:payrec.72,,,,
urn:cite:phoros:conflevel.73,urn:cite:phoros:payrec.73,,,,
urn:cite:phoros:conflevel.74,urn:cite:phoros:payrec.74,,,,
urn:cite:phoros:conflevel.75,urn:cite:phoros:payrec.75,,,,
urn:cite:phoros:conflevel.76,urn:cite:phoros:payrec.76,,,,
urn:cite:phoros:conflevel.77,urn:cite:phoros:payrec.77,,,,
urn:cite:phoros:conflevel.78,urn:cite:phoros:payrec.78,,,,
urn:cite:phoros:conflevel.79,urn:cite:phoros:payrec.79,,,,
urn:cite:phoros:conflevel.80,urn:cite:phoros:payrec.80,,,,
urn:cite:phoros:conflevel.81,urn:cite:phoros:payrec.81,,,,
urn:cite:phoros:conflevel.82,urn:cite:phoros:payrec.82,,,,
urn:cite:phoros:conflevel.83,urn:cite:phoros:payrec.83,,,,
urn:cite:phoros:conflevel.84,urn:cite:phoros:payrec.84,,,,
urn:cite:phoros:conflevel.85,urn:cite:phoros:payrec.85,,,,
urn:cite:phoros:conflevel.86,urn:cite:phoros:payrec.86,,,,
urn:cite:phoros:conflevel.87,urn:cite:phoros:payrec.87,,,,
urn:cite:phoros:conflevel.88,urn:cite:phoros:payrec.88,,,,
urn:cite:phoros:conflevel.89,urn:cite:phoros:payrec.89,,,,
urn:cite:phoros:conflevel.90,urn:cite:phoros:payrec.90,,,,
urn:cite:phoros:conflevel.91,urn:cite:phoros:payrec.91,,,,
urn:cite:phoros:conflevel.92,urn:cite:phoros:payrec.92,,,,
urn:cite:phoros:conflevel.93,urn:cite:phoros:payrec.93,,,,
urn:cite:phoros:conflevel.94,urn:cite:phoros:payrec.94,,,,
urn:cite:phoros:conflevel.95,urn:cite:phoros:payrec.95,,,,
urn:cite:phoros:conflevel.96,urn:cite:phoros:payrec.96,,,,
urn:cite:phoros:conflevel.97,urn:cite:phoros:payrec.97,,,,
urn:cite:phoros:conflevel.98,urn:cite:phoros:payrec.98,,,,
urn:cite:phoros:conflevel.99,urn:cite:phoros:payrec.99,,,,
urn:cite:phoros:conflevel.100,urn:cite:phoros:payrec.100,,,,
urn:cite:phoros:conflevel.101,urn:cite:phoros:payrec.101,,,,
urn:cite:phoros:conflevel.102,urn:cite:phoros:payrec.102,,,,
urn:cite:phoros:conflevel.103,urn:cite:phoros:payrec.103,,,,
urn:cite:phoros:conflevel.104,urn:cite:phoros:payrec.104,,,,
urn:cite:phoros:conflevel.105,urn:cite:phoros:payrec.105,,,,
urn:cite:phoros:conflevel.106,urn:cite:phoros:payrec.106,,,,
urn:cite:phoros:conflevel.107,urn:cite:phoros:payrec.107,,,,
urn:cite:phoros:conflevel.108,urn:cite:phoros:payrec.108,,,,
urn:cite:phoros:conflevel.109,urn:cite:phoros:payrec.109,,,,
urn:cite:phoros:conflevel.110,urn:cite:phoros:payrec.110,,,,
urn:cite:phoros:conflevel.111,urn:cite:phoros:payrec.111,,,,
urn:cite:phoros:conflevel.112,urn:cite:phoros:payrec.112,,,,
urn:cite:phoros:conflevel.113,urn:cite:phoros:payrec.113,,,,
urn:cite:phoros:conflevel.114,urn:cite:phoros:payrec.114,,,,
urn:cite:phoros:conflevel.115,urn:cite:phoros:payrec.115,,,,
urn:cite:phoros:conflevel.116,urn:cite:phoros:payrec.116,,,,
urn:cite:phoros:conflevel.117,urn:cite:phoros:payrec.117,,,,
urn:cite:phoros:conflevel.118,urn:cite:phoros:payrec.118,,,,
urn:cite:phoros:conflevel.119,urn:cite:phoros:payrec.119,,,,
urn:cite:phoros:conflevel.120,urn:cite:phoros:payrec.120,,,,
urn:cite:phoros:conflevel.121,urn:cite:phoros:payrec.121,,,,
urn:cite:phoros:conflevel.122,urn:cite:phoros:payrec.122,,,,
urn:cite:phoros:conflevel.123,urn:cite:phoros:payrec.123,,,,
urn:cite:phoros:conflevel.124,urn:cite:phoros:payrec.124,,,,
urn:cite:phoros:conflevel.125,urn:cite:phoros:payrec.125,,,,
urn:cite:phoros:conflevel.126,urn:cite:phoros:payrec.126,,,,
urn:cite:phoros:conflevel.127,urn:cite:phoros:payrec.127,,,,
urn:cite:phoros:conflevel.128,urn:cite:phoros:payrec.128,,,,
urn:cite:phoros:conflevel.129,urn:cite:phoros:payrec.129,,,,
urn:cite:phoros:conflevel.130,urn:cite:phoros:payrec.130,,,,
urn:cite:phoros:conflevel.131,urn:cite:phoros:payrec.131,,,,
urn:cite:phoros:conflevel.132,urn:cite:phoros:payrec.132,,,,
urn:cite:phoros:conflevel.133,urn:cite:phoros:payrec.133,,,,
urn:cite:phoros:conflevel.134,urn:cite:phoros:payrec.134,,,,
urn:cite:phoros:conflevel.135,urn:cite:phoros:payrec.135,,,,
urn:cite:phoros:conflevel.136,urn:cite:phoros:payrec.136,,,,
urn:cite:phoros:conflevel.137,urn:cite:phoros:payrec.137,,,,
urn:cite:phoros:conflevel.138,urn:cite:phoros:payrec.138,,,,
urn:cite:phoros:conflevel.139,urn:cite:phoros:payrec.139,,,,
urn:cite:phoros:conflevel.140,urn:cite:phoros:payrec.140,,,,
urn:cite:phoros:conflevel.141,urn:cite:phoros:payrec.141,,,,
urn:cite:phoros:conflevel.142,urn:cite:phoros:payrec.142,,,,
urn:cite:phoros:conflevel.143,urn:cite:phoros:payrec.143,,,,
urn:cite:phoros:conflevel.144,urn:cite:phoros:payrec.144,,,,
urn:cite:phoros:conflevel.145,urn:cite:phoros:payrec.145,,,,
urn:cite:phoros:conflevel.146,urn:cite:phoros:payrec.146,,,,
urn:cite:phoros:conflevel.147,urn:cite:phoros:payrec.147,,,,
urn:cite:phoros:conflevel.148,urn:cite:phoros:payrec.148,,,,
urn:cite:phoros:conflevel.149,urn:cite:phoros:payrec.149,,,,
urn:cite:phoros:conflevel.150,urn:cite:phoros:payrec.150,,,,
urn:cite:phoros:conflevel.151,urn:cite:phoros:payrec.151,,,,
urn:cite:phoros:conflevel.152,urn:cite:phoros:payrec.152,,,,
urn:cite:phoros:conflevel.153,urn:cite:phoros:payrec.153,,,,
urn:cite:phoros:conflevel.154,urn:cite:phoros:payrec.154,,,,
urn:cite:phoros:conflevel.155,urn:cite:phoros:payrec.155,,,,
urn:cite:phoros:conflevel.156,urn:cite:phoros:payrec.156,,,,
urn:cite:phoros:conflevel.157,urn:cite:phoros:payrec.157,,,,
urn:cite:phoros:conflevel.158,urn:cite:phoros:payrec.158,,,,
urn:cite:phoros:conflevel.159,urn:cite:phoros:payrec.159,,,,
urn:cite:phoros:conflevel.160,urn:cite:phoros:payrec.160,,,,
urn:cite:phoros:conflevel.161,urn:cite:phoros:payrec.161,,,,
urn:cite:phoros:conflevel.162,urn:cite:phoros:payrec.162,,,,
urn:cite:phoros:conflevel.163,urn:cite:phoros:payrec.163,,,,
urn:cite:phoros:conflevel.164,urn:cite:phoros:payrec.164,,,,
urn:cite:phoros:conflevel.165,urn:cite:phoros:payrec.165,,,,
urn:cite:phoros:conflevel.166,urn:cite:phoros:payrec.166,,,,
urn:cite:phoros:conflevel.167,urn:cite:phoros:payrec.167,,,,
urn:cite:phoros:conflevel.168,urn:cite:phoros:payrec.168,,,,
urn:cite:phoros:conflevel.169,urn:cite:phoros:payrec.169,,,,
urn:cite:phoros:conflevel.170,urn:cite:phoros:payrec.170,,,,
urn:cite:phoros:conflevel.171,urn:cite:phoros:payrec.171,,,,
urn:cite:phoros:conflevel.172,urn:cite:phoros:payrec.172,,,,
urn:cite:phoros:conflevel.173,urn:cite:phoros:payrec.173,,,,
urn:cite:phoros:conflevel.174,urn:cite:phoros:payrec.174,,,,
urn:cite:phoros:conflevel.175,urn:cite:phoros:payrec.175,,,,
urn:cite:phoros:conflevel.176,urn:cite:phoros:payrec.176,,,,
urn:cite:phoros:conflevel.177,urn:cite:phoros:payrec.177,,,,
urn:cite:phoros:conflevel.178,urn:cite:phoros:payrec.178,,,,
urn:cite:phoros:conflevel.179,urn:cite:phoros:payrec.179,,,,
urn:cite:phoros:conflevel.180,urn:cite:phoros:payrec.180,,,,
urn:cite:phoros:conflevel.181,urn:cite:phoros:payrec.181,,,,
urn:cite:phoros:conflevel.182,urn:cite:phoros:payrec.182,,,,
urn:cite:phoros:conflevel.183,urn:cite:phoros:payrec.183,,,,
urn:cite:phoros:conflevel.184,urn:cite:phoros:payrec.184,,,,
urn:cite:phoros:conflevel.185,urn:cite:phoros:payrec.185,,,,
urn:cite:phoros:conflevel.186,urn:cite:phoros:payrec.186,,,,
urn:cite:phoros:conflevel.187,urn:cite:phoros:payrec.187,,,,
urn:cite:phoros:conflevel.188,urn:cite:phoros:payrec.188,,,,
urn:cite:phoros:conflevel.189,urn:cite:phoros:payrec.189,,,,
urn:cite:phoros:conflevel.190,urn:cite:phoros:payrec.190,,,,
urn:cite:phoros:conflevel.191,urn:cite:phoros:payrec.191,,,,
urn:cite:phoros:conflevel.192,urn:cite:phoros:payrec.192,,,,
urn:cite:phoros:conflevel.193,urn:cite:phoros:payrec.193,,,,
urn:cite:phoros:conflevel.194,urn:cite:phoros:payrec.194,,,,
urn:cite:phoros:conflevel.195,urn:cite:phoros:payrec.195,,,,
urn:cite:phoros:conflevel.196,urn:cite:phoros:payrec.196,,,,
urn:cite:phoros:conflevel.197,urn:cite:phoros:payrec.197,,,,
urn:cite:phoros:conflevel.198,urn:cite:phoros:payrec.198,,,,
urn:cite:phoros:conflevel.199,urn:cite:phoros:payrec.199,,,,
urn:cite:phoros:conflevel.200,urn:cite:phoros:payrec.200,,,,
urn:cite:phoros:conflevel.201,urn:cite:phoros:payrec.201,,,,
urn:cite:phoros:conflevel.202,urn:cite:phoros:payrec.202,,,,
urn:cite:phoros:conflevel.203,urn:cite:phoros:payrec.203,,,,
urn:cite:phoros:conflevel.204,urn:cite:phoros:payrec.204,,,,
urn:cite:phoros:conflevel.205,urn:cite:phoros:payrec.205,,,,
urn:cite:phoros:conflevel.206,urn:cite:phoros:payrec.206,,,,
urn:cite:phoros:conflevel.207,urn:cite:phoros:payrec.207,,,,
urn:cite:phoros:conflevel.208,urn:cite:phoros:payrec.208,,,,
urn:cite:phoros:conflevel.209,urn:cite:phoros:payrec.209,,,,
urn:cite:phoros:conflevel.210,urn:cite:phoros:payrec.210,,,,
urn:cite:phoros:conflevel.211,urn:cite:phoros:payrec.211,,,,
urn:cite:phoros:conflevel.212,urn:cite:phoros:payrec.212,,,,
urn:cite:phoros:conflevel.213,urn:cite:phoros:payrec.213,,,,
urn:cite:phoros:conflevel.214,urn:cite:phoros:payrec.214,,,,
urn:cite:phoros:conflevel.215,urn:cite:phoros:payrec.215,,,,
urn:cite:phoros:conflevel.216,urn:cite:phoros:payrec.216,,,,
urn:cite:phoros:conflevel.217,urn:cite:phoros:payrec.217,,,,
urn:cite:phoros:conflevel.218,urn:cite:phoros:payrec.218,,,,
urn:cite:phoros:conflevel.219,urn:cite:phoros:payrec.219,,,,
urn:cite:phoros:conflevel.220,urn:cite:phoros:payrec.220,,,,
urn:cite:phoros:conflevel.221,urn:cite:phoros:payrec.221,,,,
urn:cite:phoros:conflevel.222,urn:cite:phoros:payrec.222,,,,
urn:cite:phoros:conflevel.223,urn:cite:phoros:payrec.223,,,,
urn:cite:phoros:conflevel.224,urn:cite:phoros:payrec.224,,,,
urn:cite:phoros:conflevel.225,urn:cite:phoros:payrec.225,,,,
urn:cite:phoros:conflevel.226,urn:cite:phoros:payrec.226,,,,
urn:cite:phoros:conflevel.227,urn:cite:phoros:payrec.227,,,,
urn:cite:phoros:conflevel.228,urn:cite:phoros:payrec.228,,,,
urn:cite:phoros:conflevel.229,urn:cite:phoros:payrec.229,,,,
urn:cite:phoros:conflevel.230,urn:cite:phoros:payrec.230,,,,
urn:cite:phoros:conflevel.231,urn:cite:phoros:payrec.231,,,,
urn:cite:phoros:conflevel.232,urn:cite:phoros:payrec.232,,,,
urn:cite:phoros:conflevel.233,urn:cite:phoros:payrec.233,,,,
urn:cite:phoros:conflevel.234,urn:cite:phoros:payrec.234,,,,
urn:cite:phoros:conflevel.235,urn:cite:phoros:payrec.235,,,,
urn:cite:phoros:conflevel.236,urn:cite:phoros:payrec.236,,,,
urn:cite:phoros:conflevel.237,urn:cite:phoros:payrec.237,,,,
urn:cite:phoros:conflevel.238,urn:cite:phoros:payrec.238,,,,
urn:cite:phoros:conflevel.239,urn:cite:phoros:payrec.239,,,,
urn:cite:phoros:conflevel.240,urn:cite:phoros:payrec.240,,,,
urn:cite:phoros:conflevel.241,urn:cite:phoros:payrec.241,,,,
urn:cite:phoros:conflevel.242,urn:cite:phoros:payrec.242,,,,
urn:cite:phoros:conflevel.243,urn:cite:phoros:payrec.243,,,,
urn:cite:phoros:conflevel.244,urn:cite:phoros:payrec.244,,,,
urn:cite:phoros:conflevel.245,urn:cite:phoros:payrec.245,,,,
urn:cite:phoros:conflevel.246,urn:cite:phoros:payrec.246,,,,
urn:cite:phoros:conflevel.247,urn:cite:phoros:payrec.247,,,,
urn:cite:phoros:conflevel.248,urn:cite:phoros:payrec.248,,,,
urn:cite:phoros:conflevel.249,urn:cite:phoros:payrec.249,,,,
urn:cite:phoros:conflevel.250,urn:cite:phoros:payrec.250,,,,
urn:cite:phoros:conflevel.251,urn:cite:phoros:payrec.251,,,,
urn:cite:phoros:conflevel.252,urn:cite:phoros:payrec.252,,,,
urn:cite:phoros:conflevel.253,urn:cite:phoros:payrec.253,,,,
urn:cite:phoros:conflevel.254,urn:cite:phoros:payrec.254,,,,
urn:cite:phoros:conflevel.255,urn:cite:phoros:payrec.255,,,,
urn:cite:phoros:conflevel.256,urn:cite:phoros:payrec.256,,,,
urn:cite:phoros:conflevel.257,urn:cite:phoros:payrec.257,,,,
urn:cite:phoros:conflevel.258,urn:cite:phoros:payrec.258,,,,
urn:cite:phoros:conflevel.259,urn:cite:phoros:payrec.259,,,,
urn:cite:phoros:conflevel.260,urn:cite:phoros:payrec.260,,,,
urn:cite:phoros:conflevel.261,urn:cite:phoros:payrec.261,,,,
urn:cite:phoros:conflevel.262,urn:cite:phoros:payrec.262,,,,
urn:cite:phoros:conflevel.263,urn:cite:phoros:payrec.263,,,,
urn:cite:phoros:conflevel.264,urn:cite:phoros:payrec.264,,,,
urn:cite:phoros:conflevel.265,urn:cite:phoros:payrec.265,,,,
urn:cite:phoros:conflevel.266,urn:cite:phoros:payrec.266,,,,
urn:cite:phoros:conflevel.267,urn:cite:phoros:payrec.267,,,,
urn:cite:phoros:conflevel.268,urn:cite:phoros:payrec.268,,,,
urn:cite:phoros:conflevel.269,urn:cite:phoros:payrec.269,,,,
urn:cite:phoros:conflevel.270,urn:cite:phoros:payrec.270,,,,
urn:cite:phoros:conflevel.271,urn:cite:phoros:payrec.271,,,,
urn:cite:phoros:conflevel.272,urn:cite:phoros:payrec.272,,,,
urn:cite:phoros:conflevel.273,urn:cite:phoros:payrec.273,,,,
urn:cite:phoros:conflevel.274,urn:cite:phoros:payrec.274,,,,
urn:cite:phoros:conflevel.275,urn:cite:phoros:payrec.275,,,,
urn:cite:phoros:conflevel.276,urn:cite:phoros:payrec.276,,,,
urn:cite:phoros:conflevel.277,urn:cite:phoros:payrec.277,,,,
urn:cite:phoros:conflevel.278,urn:cite:phoros:payrec.278,,,,
urn:cite:phoros:conflevel.279,urn:cite:phoros:payrec.279,,,,
urn:cite:phoros:conflevel.280,urn:cite:phoros:payrec.280,,,,
urn:cite:phoros:conflevel.281,urn:cite:phoros:payrec.281,,,,
urn:cite:phoros:conflevel.282,urn:cite:phoros:payrec.282,,,,
urn:cite:phoros:conflevel.283,urn:cite:phoros:payrec.283,,,,
urn:cite:phoros:conflevel.284,urn:cite:phoros:payrec.284,,,,
urn:cite:phoros:conflevel.285,urn:cite:phoros:payrec.285,,,,
urn:cite:phoros:conflevel.286,urn:cite:phoros:payrec.286,,,,
urn:cite:phoros:conflevel.287,urn:cite:phoros:payrec.287,,,,
urn:cite:phoros:conflevel.288,urn:cite:phoros:payrec.288,,,,
urn:cite:phoros:conflevel.289,urn:cite:phoros:payrec.289,,,,
urn:cite:phoros:conflevel.290,urn:cite:phoros:payrec.290,,,,
urn:cite:phoros:conflevel.291,urn:cite:phoros:payrec.291,,,,
urn:cite:phoros:conflevel.292,urn:cite:phoros:payrec.292,,,,
urn:cite:phoros:conflevel.293,urn:cite:phoros:payrec.293,,,,
urn:cite:phoros:conflevel.294,urn:cite:phoros:payrec.294,,,,
urn:cite:phoros:conflevel.295,urn:cite:phoros:payrec.295,,,,
urn:cite:phoros:conflevel.296,urn:cite:phoros:payrec.296,,,,
urn:cite:phoros:conflevel.297,urn:cite:phoros:payrec.297,,,,
urn:cite:phoros:conflevel.298,urn:cite:phoros:payrec.298,,,,
urn:cite:phoros:conflevel.299,urn:cite:phoros:payrec.299,,,,
urn:cite:phoros:conflevel.300,urn:cite:phoros:payrec.300,,,,
urn:cite:phoros:conflevel.301,urn:cite:phoros:payrec.301,,,,
urn:cite:phoros:conflevel.302,urn:cite:phoros:payrec.302,,,,
urn:cite:phoros:conflevel.303,urn:cite:phoros:payrec.303,,,,
urn:cite:phoros:conflevel.304,urn:cite:phoros:payrec.304,,,,
urn:cite:phoros:conflevel.305,urn:cite:phoros:payrec.305,,,,
urn:cite:phoros:conflevel.306,urn:cite:phoros:payrec.306,,,,
urn:cite:phoros:conflevel.307,urn:cite:phoros:payrec.307,,,,
urn:cite:phoros:conflevel.308,urn:cite:phoros:payrec.308,,,,
urn:cite:phoros:conflevel.309,urn:cite:phoros:payrec.309,,,,
urn:cite:phoros:conflevel.310,urn:cite:phoros:payrec.310,,,,
urn:cite:phoros:conflevel.311,urn:cite:phoros:payrec.311,,,,
urn:cite:phoros:conflevel.312,urn:cite:phoros:payrec.312,,,,
urn:cite:phoros:conflevel.313,urn:cite:phoros:payrec.313,,,,
urn:cite:phoros:conflevel.314,urn:cite:phoros:payrec.314,,,,
urn:cite:phoros:conflevel.315,urn:cite:phoros:payrec.315,,,,
urn:cite:phoros:conflevel.316,urn:cite:phoros:payrec.316,,,,
urn:cite:phoros:conflevel.317,urn:cite:phoros:payrec.317,,,,
urn:cite:phoros:conflevel.318,urn:cite:phoros:payrec.318,,,,
urn:cite:phoros:conflevel.319,urn:cite:phoros:payrec.319,,,,
urn:cite:phoros:conflevel.320,urn:cite:phoros:payrec.320,,,,
urn:cite:phoros:conflevel.321,urn:cite:phoros:payrec.321,,,,
urn:cite:phoros:conflevel.322,urn:cite:phoros:payrec.322,,,,
urn:cite:phoros:conflevel.323,urn:cite:phoros:payrec.323,,,,
urn:cite:phoros:conflevel.324,urn:cite:phoros:payrec.324,,,,
urn:cite:phoros:conflevel.325,urn:cite:phoros:payrec.325,,,,
urn:cite:phoros:conflevel.326,urn:cite:phoros:payrec.326,,,,
urn:cite:phoros:conflevel.327,urn:cite:phoros:payrec.327,,,,
urn:cite:phoros:conflevel.328,urn:cite:phoros:payrec.328,,,,
urn:cite:phoros:conflevel.329,urn:cite:phoros:payrec.329,,,,
urn:cite:phoros:conflevel.330,urn:cite:phoros:payrec.330,,,,
urn:cite:phoros:conflevel.331,urn:cite:phoros:payrec.331,,,,
urn:cite:phoros:conflevel.332,urn:cite:phoros:payrec.332,,,,
urn:cite:phoros:conflevel.333,urn:cite:phoros:payrec.333,,,,
urn:cite:phoros:conflevel.334,urn:cite:phoros:payrec.334,,,,
urn:cite:phoros:conflevel.335,urn:cite:phoros:payrec.335,,,,
urn:cite:phoros:conflevel.336,urn:cite:phoros:payrec.336,,,,
urn:cite:phoros:conflevel.337,urn:cite:phoros:payrec.337,,,,
urn:cite:phoros:conflevel.338,urn:cite:phoros:payrec.338,,,,
urn:cite:phoros:conflevel.339,urn:cite:phoros:payrec.339,,,,
urn:cite:phoros:conflevel.340,urn:cite:phoros:payrec.340,,,,
urn:cite:phoros:conflevel.341,urn:cite:phoros:payrec.341,,,,
urn:cite:phoros:conflevel.342,urn:cite:phoros:payrec.342,,,,
urn:cite:phoros:conflevel.343,urn:cite:phoros:payrec.343,,,,
urn:cite:phoros:conflevel.344,urn:cite:phoros:payrec.344,,,,
urn:cite:phoros:conflevel.345,urn:cite:phoros:payrec.345,,,,
urn:cite:phoros:conflevel.346,urn:cite:phoros:payrec.346,,,,
urn:cite:phoros:conflevel.347,urn:cite:phoros:payrec.347,,,,
urn:cite:phoros:conflevel.348,urn:cite:phoros:payrec.348,,,,
urn:cite:phoros:conflevel.349,urn:cite:phoros:payrec.349,,,,
urn:cite:phoros:conflevel.350,urn:cite:phoros:payrec.350,,,,
urn:cite:phoros:conflevel.351,urn:cite:phoros:payrec.351,,,,
urn:cite:phoros:conflevel.352,urn:cite:phoros:payrec.352,,,,
urn:cite:phoros:conflevel.353,urn:cite:phoros:payrec.353,,,,
urn:cite:phoros:conflevel.354,urn:cite:phoros:payrec.354,,,,
urn:cite:phoros:conflevel.355,urn:cite:phoros:payrec.355,,,,
urn:cite:phoros:conflevel.356,urn:cite:phoros:payrec.356,,,,
urn:cite:phoros:conflevel.357,urn:cite:phoros:payrec.357,,,,
urn:cite:phoros:conflevel.358,urn:cite:phoros:payrec.358,,,,
urn:cite:phoros:conflevel.359,urn:cite:phoros:payrec.359,,,,
urn:cite:phoros:conflevel.360,urn:cite:phoros:payrec.360,,,,
urn:cite:phoros:conflevel.361,urn:cite:phoros:payrec.361,,,,
urn:cite:phoros:conflevel.362,urn:cite:phoros:payrec.362,,,,
urn:cite:phoros:conflevel.363,urn:cite:phoros:payrec.363,,,,
urn:cite:phoros:conflevel.364,urn:cite:phoros:payrec.364,,,,
urn:cite:phoros:conflevel.365,urn:cite:phoros:payrec.365,,,,
urn:cite:phoros:conflevel.366,urn:cite:phoros:payrec.366,,,,
urn:cite:phoros:conflevel.367,urn:cite:phoros:payrec.367,,,,
urn:cite:phoros:conflevel.368,urn:cite:phoros:payrec.368,,,,
urn:cite:phoros:conflevel.369,urn:cite:phoros:payrec.369,,,,
urn:cite:phoros:conflevel.370,urn:cite:phoros:payrec.370,,,,
urn:cite:phoros:conflevel.371,urn:cite:phoros:payrec.371,,,,
urn:cite:phoros:conflevel.372,urn:cite:phoros:payrec.372,,,,
urn:cite:phoros:conflevel.373,urn:cite:phoros:payrec.373,,,,
urn:cite:phoros:conflevel.374,urn:cite:phoros:payrec.374,,,,
urn:cite:phoros:conflevel.375,urn:cite:phoros:payrec.375,,,,
urn:cite:phoros:conflevel.376,urn:cite:phoros:payrec.376,,,,
urn:cite:phoros:conflevel.377,urn:cite:phoros:payrec.377,,,,
urn:cite:phoros:conflevel.378,urn:cite:phoros:payrec.378,,,,
urn:cite:phoros:conflevel.379,urn:cite:phoros:payrec.379,,,,
urn:cite:phoros:conflevel.380,urn:cite:phoros:payrec.380,,,,
urn:cite:phoros:conflevel.381,urn:cite:phoros:payrec.381,,,,
urn:cite:phoros:conflevel.382,urn:cite:phoros:payrec.382,,,,
urn:cite:phoros:conflevel.383,urn:cite:phoros:payrec.383,,,,
urn:cite:phoros:conflevel.384,urn:cite:phoros:payrec.384,,,,
urn:cite:phoros:conflevel.385,urn:cite:phoros:payrec.385,,,,
urn:cite:phoros:conflevel.386,urn:cite:phoros:payrec.386,,,,
urn:cite:phoros:conflevel.387,urn:cite:phoros:payrec.387,,,,
urn:cite:phoros:conflevel.388,urn:cite:phoros:payrec.388,,,,
urn:cite:phoros:conflevel.389,urn:cite:phoros:payrec.389,,,,
urn:cite:phoros:conflevel.390,urn:cite:phoros:payrec.390,,,,
urn:cite:phoros:conflevel.391,urn:cite:phoros:payrec.391,,,,
urn:cite:phoros:conflevel.392,urn:cite:phoros:payrec.392,,,,
urn:cite:phoros:conflevel.393,urn:cite:phoros:payrec.393,,,,
urn:cite:phoros:conflevel.394,urn:cite:phoros:payrec.394,,,,
urn:cite:phoros:conflevel.395,urn:cite:phoros:payrec.395,,,,
urn:cite:phoros:conflevel.396,urn:cite:phoros:payrec.396,,,,
urn:cite:phoros:conflevel.397,urn:cite:phoros:payrec.397,,,,
urn:cite:phoros:conflevel.398,urn:cite:phoros:payrec.398,,,,
urn:cite:phoros:conflevel.399,urn:cite:phoros:payrec.399,,,,
urn:cite:phoros:conflevel.400,urn:cite:phoros:payrec.400,,,,
urn:cite:phoros:conflevel.401,urn:cite:phoros:payrec.401,,,,
urn:cite:phoros:conflevel.402,urn:cite:phoros:payrec.402,,,,
urn:cite:phoros:conflevel.403,urn:cite:phoros:payrec.403,,,,
urn:cite:phoros:conflevel.404,urn:cite:phoros:payrec.404,,,,
urn:cite:phoros:conflevel.405,urn:cite:phoros:payrec.405,,,,
urn:cite:phoros:conflevel.406,urn:cite:phoros:payrec.406,,,,
urn:cite:phoros:conflevel.407,urn:cite:phoros:payrec.407,,,,
urn:cite:phoros:conflevel.408,urn:cite:phoros:payrec.408,,,,
urn:cite:phoros:conflevel.409,urn:cite:phoros:payrec.409,,,,
urn:cite:phoros:conflevel.410,urn:cite:phoros:payrec.410,,,,
urn:cite:phoros:conflevel.411,urn:cite:phoros:payrec.411,,,,
urn:cite:phoros:conflevel.412,urn:cite:phoros:payrec.412,,,,
urn:cite:phoros:conflevel.413,urn:cite:phoros:payrec.413,,,,
urn:cite:phoros:conflevel.414,urn:cite:phoros:payrec.414,,,,
urn:cite:phoros:conflevel.415,urn:cite:phoros:payrec.415,,,,
urn:cite:phoros:conflevel.416,urn:cite:phoros:payrec.416,,,,
urn:cite:phoros:conflevel.417,urn:cite:phoros:payrec.417,,,,
urn:cite:phoros:conflevel.418,urn:cite:phoros:payrec.418,,,,
urn:cite:phoros:conflevel.419,urn:cite:phoros:payrec.419,,,,
urn:cite:phoros:conflevel.420,urn:cite:phoros:payrec.420,,,,
urn:cite:phoros:conflevel.421,urn:cite:phoros:payrec.421,,,,
urn:cite:phoros:conflevel.422,urn:cite:phoros:payrec.422,,,,
urn:cite:phoros:conflevel.423,urn:cite:phoros:payrec.423,,,,
urn:cite:phoros:conflevel.424,urn:cite:phoros:payrec.424,,,,
urn:cite:phoros:conflevel.425,urn:cite:phoros:payrec.425,,,,
urn:cite:phoros:conflevel.426,urn:cite:phoros:payrec.426,,,,
urn:cite:phoros:conflevel.427,urn:cite:phoros:payrec.427,,,,
urn:cite:phoros:conflevel.428,urn:cite:phoros:payrec.428,,,,
urn:cite:phoros:conflevel.429,urn:cite:phoros:payrec.429,,,,
urn:cite:phoros:conflevel.430,urn:cite:phoros:payrec.430,,,,
urn:cite:phoros:conflevel.431,urn:cite:phoros:payrec.431,,,,
urn:cite:phoros:conflevel.432,urn:cite:phoros:payrec.432,,,,
urn:cite:phoros:conflevel.433,urn:cite:phoros:payrec.433,,,,
urn:cite:phoros:conflevel.434,urn:cite:phoros:payrec.434,,,,
urn:cite:phoros:conflevel.435,urn:cite:phoros:payrec.435,,,,
urn:cite:phoros:conflevel.436,urn:cite:phoros:payrec.436,,,,
urn:cite:phoros:conflevel.437,urn:cite:phoros:payrec.437,,,,
urn:cite:phoros:conflevel.438,urn:cite:phoros:payrec.438,,,,
urn:cite:phoros:conflevel.439,urn:cite:phoros:payrec.439,,,,
urn:cite:phoros:conflevel.440,urn:cite:phoros:payrec.440,,,,
urn:cite:phoros:conflevel.441,urn:cite:phoros:payrec.441,,,,
urn:cite:phoros:conflevel.442,urn:cite:phoros:payrec.442,,,,
urn:cite:phoros:conflevel.443,urn:cite:phoros:payrec.443,,,,
urn:cite:phoros:conflevel.444,urn:cite:phoros:payrec.444,,,,
urn:cite:phoros:conflevel.445,urn:cite:phoros:payrec.445,,,,
urn:cite:phoros:conflevel.446,urn:cite:phoros:payrec.446,,,,
urn:cite:phoros:conflevel.447,urn:cite:phoros:payrec.447,,,,
urn:cite:phoros:conflevel.448,urn:cite:phoros:payrec.448,,,,
urn:cite:phoros:conflevel.449,urn:cite:phoros:payrec.449,,,,
urn:cite:phoros:conflevel.450,urn:cite:phoros:payrec.450,,,,
urn:cite:phoros:conflevel.451,urn:cite:phoros:payrec.451,,,,
urn:cite:phoros:conflevel.452,urn:cite:phoros:payrec.452,,,,
urn:cite:phoros:conflevel.453,urn:cite:phoros:payrec.453,,,,
urn:cite:phoros:conflevel.454,urn:cite:phoros:payrec.454,,,,
urn:cite:phoros:conflevel.455,urn:cite:phoros:payrec.455,,,,
urn:cite:phoros:conflevel.456,urn:cite:phoros:payrec.456,,,,
urn:cite:phoros:conflevel.457,urn:cite:phoros:payrec.457,,,,
urn:cite:phoros:conflevel.458,urn:cite:phoros:payrec.458,,,,
urn:cite:phoros:conflevel.459,urn:cite:phoros:payrec.459,,,,
urn:cite:phoros:conflevel.460,urn:cite:phoros:payrec.460,,,,
urn:cite:phoros:conflevel.461,urn:cite:phoros:payrec.461,,,,
urn:cite:phoros:conflevel.462,urn:cite:phoros:payrec.462,,,,
urn:cite:phoros:conflevel.463,urn:cite:phoros:payrec.463,,,,
urn:cite:phoros:conflevel.464,urn:cite:phoros:payrec.464,,,,
urn:cite:phoros:conflevel.465,urn:cite:phoros:payrec.465,,,,
urn:cite:phoros:conflevel.466,urn:cite:phoros:payrec.466,,,,
urn:cite:phoros:conflevel.467,urn:cite:phoros:payrec.467,,,,
urn:cite:phoros:conflevel.468,urn:cite:phoros:payrec.468,,,,
urn:cite:phoros:conflevel.469,urn:cite:phoros:payrec.469,,,,
urn:cite:phoros:conflevel.470,urn:cite:phoros:payrec.470,,,,
urn:cite:phoros:conflevel.471,urn:cite:phoros:payrec.471,,,,
urn:cite:phoros:conflevel.472,urn:cite:phoros:payrec.472,,,,
urn:cite:phoros:conflevel.473,urn:cite:phoros:payrec.473,,,,
urn:cite:phoros:conflevel.474,urn:cite:phoros:payrec.474,,,,
urn:cite:phoros:conflevel.475,urn:cite:phoros:payrec.475,,,,
urn:cite:phoros:conflevel.476,urn:cite:phoros:payrec.476,,,,
urn:cite:phoros:conflevel.477,urn:cite:phoros:payrec.477,,,,
urn:cite:phoros:conflevel.478,urn:cite:phoros:payrec.478,,,,
urn:cite:phoros:conflevel.479,urn:cite:phoros:payrec.479,,,,
urn:cite:phoros:conflevel.480,urn:cite:phoros:payrec.480,,,,
urn:cite:phoros:conflevel.481,urn:cite:phoros:payrec.481,,,,
urn:cite:phoros:conflevel.482,urn:cite:phoros:payrec.482,,,,
urn:cite:phoros:conflevel.483,urn:cite:phoros:payrec.483,,,,
urn:cite:phoros:conflevel.484,urn:cite:phoros:payrec.484,,,,
urn:cite:phoros:conflevel.485,urn:cite:phoros:payrec.485,,,,
urn:cite:phoros:conflevel.486,urn:cite:phoros:payrec.486,,,,
urn:cite:phoros:conflevel.487,urn:cite:phoros:payrec.487,,,,
urn:cite:phoros:conflevel.488,urn:cite:phoros:payrec.488,,,,
urn:cite:phoros:conflevel.489,urn:cite:phoros:payrec.489,,,,
urn:cite:phoros:conflevel.490,urn:cite:phoros:payrec.490,,,,
urn:cite:phoros:conflevel.491,urn:cite:phoros:payrec.491,,,,
urn:cite:phoros:conflevel.492,urn:cite:phoros:payrec.492,,,,
urn:cite:phoros:conflevel.493,urn:cite:phoros:payrec.493,,,,
urn:cite:phoros:conflevel.494,urn:cite:phoros:payrec.494,,,,
urn:cite:phoros:conflevel.495,urn:cite:phoros:payrec.495,,,,
urn:cite:phoros:conflevel.496,urn:cite:phoros:payrec.496,,,,
urn:cite:phoros:conflevel.497,urn:cite:phoros:payrec.497,,,,
urn:cite:phoros:conflevel.498,urn:cite:phoros:payrec.498,,,,
urn:cite:phoros:conflevel.499,urn:cite:phoros:payrec.499,,,,
urn:cite:phoros:conflevel.500,urn:cite:phoros:payrec.500,,,,
urn:cite:phoros:conflevel.501,urn:cite:phoros:payrec.501,,,,
urn:cite:phoros:conflevel.502,urn:cite:phoros:payrec.502,,,,
urn:cite:phoros:conflevel.503,urn:cite:phoros:payrec.503,,,,
urn:cite:phoros:conflevel.504,urn:cite:phoros:payrec.504,,,,
urn:cite:phoros:conflevel.505,urn:cite:phoros:payrec.505,,,,
urn:cite:phoros:conflevel.506,urn:cite:phoros:payrec.506,,,,
urn:cite:phoros:conflevel.507,urn:cite:phoros:payrec.507,,,,
urn:cite:phoros:conflevel.508,urn:cite:phoros:payrec.508,,,,
urn:cite:phoros:conflevel.509,urn:cite:phoros:payrec.509,,,,
urn:cite:phoros:conflevel.510,urn:cite:phoros:payrec.510,,,,
urn:cite:phoros:conflevel.511,urn:cite:phoros:payrec.511,,,,
urn:cite:phoros:conflevel.512,urn:cite:phoros:payrec.512,,,,
urn:cite:phoros:conflevel.513,urn:cite:phoros:payrec.513,,,,
urn:cite:phoros:conflevel.514,urn:cite:phoros:payrec.514,,,,
urn:cite:phoros:conflevel.515,urn:cite:phoros:payrec.515,,,,
urn:cite:phoros:conflevel.516,urn:cite:phoros:payrec.516,,,,
urn:cite:phoros:conflevel.517,urn:cite:phoros:payrec.517,,,,
urn:cite:phoros:conflevel.518,urn:cite:phoros:payrec.518,,,,
urn:cite:phoros:conflevel.519,urn:cite:phoros:payrec.519,,,,
urn:cite:phoros:conflevel.520,urn:cite:phoros:payrec.520,,,,
urn:cite:phoros:conflevel.521,urn:cite:phoros:payrec.521,,,,
urn:cite:phoros:conflevel.522,urn:cite:phoros:payrec.522,,,,
urn:cite:phoros:conflevel.523,urn:cite:phoros:payrec.523,,,,
urn:cite:phoros:conflevel.524,urn:cite:phoros:payrec.524,,,,
urn:cite:phoros:conflevel.525,urn:cite:phoros:payrec.525,,,,
urn:cite:phoros:conflevel.526,urn:cite:phoros:payrec.526,,,,
urn:cite:phoros:conflevel.527,urn:cite:phoros:payrec.527,,,,
urn:cite:phoros:conflevel.528,urn:cite:phoros:payrec.528,,,,
urn:cite:phoros:conflevel.529,urn:cite:phoros:payrec.529,,,,
urn:cite:phoros:conflevel.530,urn:cite:phoros:payrec.530,,,,
urn:cite:phoros:conflevel.531,urn:cite:phoros:payrec.531,,,,
urn:cite:phoros:conflevel.532,urn:cite:phoros:payrec.532,,,,
urn:cite:phoros:conflevel.533,urn:cite:phoros:payrec.533,,,,
urn:cite:phoros:conflevel.534,urn:cite:phoros:payrec.534,,,,
urn:cite:phoros:conflevel.535,urn:cite:phoros:payrec.535,,,,
urn:cite:phoros:conflevel.536,urn:cite:phoros:payrec.536,,,,
urn:cite:phoros:conflevel.537,urn:cite:phoros:payrec.537,,,,
urn:cite:phoros:conflevel.538,urn:cite:phoros:payrec.538,,,,
urn:cite:phoros:conflevel.539,urn:cite:phoros:payrec.539,,,,
urn:cite:phoros:conflevel.540,urn:cite:phoros:payrec.540,,,,
urn:cite:phoros:conflevel.541,urn:cite:phoros:payrec.541,,,,
urn:cite:phoros:conflevel.542,urn:cite:phoros:payrec.542,,,,
urn:cite:phoros:conflevel.543,urn:cite:phoros:payrec.543,,,,
urn:cite:phoros:conflevel.544,urn:cite:phoros:payrec.544,,,,
urn:cite:phoros:conflevel.545,urn:cite:phoros:payrec.545,,,,
urn:cite:phoros:conflevel.546,urn:cite:phoros:payrec.546,,,,
urn:cite:phoros:conflevel.547,urn:cite:phoros:payrec.547,,,,
urn:cite:phoros:conflevel.548,urn:cite:phoros:payrec.548,,,,
urn:cite:phoros:conflevel.549,urn:cite:phoros:payrec.549,,,,
urn:cite:phoros:conflevel.550,urn:cite:phoros:payrec.550,,,,
urn:cite:phoros:conflevel.551,urn:cite:phoros:payrec.551,,,,
urn:cite:phoros:conflevel.552,urn:cite:phoros:payrec.552,,,,
urn:cite:phoros:conflevel.553,urn:cite:phoros:payrec.553,,,,
urn:cite:phoros:conflevel.554,urn:cite:phoros:payrec.554,,,,
urn:cite:phoros:conflevel.555,urn:cite:phoros:payrec.555,,,,
urn:cite:phoros:conflevel.556,urn:cite:phoros:payrec.556,,,,
urn:cite:phoros:conflevel.557,urn:cite:phoros:payrec.557,,,,
urn:cite:phoros:conflevel.558,urn:cite:phoros:payrec.558,,,,
urn:cite:phoros:conflevel.559,urn:cite:phoros:payrec.559,,,,
urn:cite:phoros:conflevel.560,urn:cite:phoros:payrec.560,,,,
urn:cite:phoros:conflevel.561,urn:cite:phoros:payrec.561,,,,
urn:cite:phoros:conflevel.562,urn:cite:phoros:payrec.562,,,,
urn:cite:phoros:conflevel.563,urn:cite:phoros:payrec.563,,,,
urn:cite:phoros:conflevel.564,urn:cite:phoros:payrec.564,,,,
urn:cite:phoros:conflevel.565,urn:cite:phoros:payrec.565,,,,
urn:cite:phoros:conflevel.566,urn:cite:phoros:payrec.566,,,,
urn:cite:phoros:conflevel.567,urn:cite:phoros:payrec.567,,,,
urn:cite:phoros:conflevel.568,urn:cite:phoros:payrec.568,,,,
urn:cite:phoros:conflevel.569,urn:cite:phoros:payrec.569,,,,
urn:cite:phoros:conflevel.570,urn:cite:phoros:payrec.570,,,,
urn:cite:phoros:conflevel.571,urn:cite:phoros:payrec.571,,,,
urn:cite:phoros:conflevel.572,urn:cite:phoros:payrec.572,,,,
urn:cite:phoros:conflevel.573,urn:cite:phoros:payrec.573,,,,
urn:cite:phoros:conflevel.574,urn:cite:phoros:payrec.574,,,,
urn:cite:phoros:conflevel.575,urn:cite:phoros:payrec.575,,,,
urn:cite:phoros:conflevel.576,urn:cite:phoros:payrec.576,,,,
urn:cite:phoros:conflevel.577,urn:cite:phoros:payrec.577,,,,
urn:cite:phoros:conflevel.578,urn:cite:phoros:payrec.578,,,,
urn:cite:phoros:conflevel.579,urn:cite:phoros:payrec.579,,,,
urn:cite:phoros:conflevel.580,urn:cite:phoros:payrec.580,,,,
urn:cite:phoros:conflevel.581,urn:cite:phoros:payrec.581,,,,
urn:cite:phoros:conflevel.582,urn:cite:phoros:payrec.582,,,,
urn:cite:phoros:conflevel.583,urn:cite:phoros:payrec.583,,,,
urn:cite:phoros:conflevel.584,urn:cite:phoros:payrec.584,,,,
urn:cite:phoros:conflevel.585,urn:cite:phoros:payrec.585,,,,
urn:cite:phoros:conflevel.586,urn:cite:phoros:payrec.586,,,,
urn:cite:phoros:conflevel.587,urn:cite:phoros:payrec.587,,,,
urn:cite:phoros:conflevel.588,urn:cite:phoros:payrec.588,,,,
urn:cite:phoros:conflevel.589,urn:cite:phoros:payrec.589,,,,
urn:cite:phoros:conflevel.590,urn:cite:phoros:payrec.590,,,,
urn:cite:phoros:conflevel.591,urn:cite:phoros:payrec.591,,,,
urn:cite:phoros:conflevel.592,urn:cite:phoros:payrec.592,,,,
urn:cite:phoros:conflevel.593,urn:cite:phoros:payrec.593,,,,
urn:cite:phoros:conflevel.594,urn:cite:phoros:payrec.594,,,,
urn:cite:phoros:conflevel.595,urn:cite:phoros:payrec.595,,,,
urn:cite:phoros:conflevel.596,urn:cite:phoros:payrec.596,,,,
urn:cite:phoros:conflevel.597,urn:cite:phoros:payrec.597,,,,
urn:cite:phoros:conflevel.598,urn:cite:phoros:payrec.598,,,,
urn:cite:phoros:conflevel.599,urn:cite:phoros:payrec.599,,,,
urn:cite:phoros:conflevel.600,urn:cite:phoros:payrec.600,,,,
urn:cite:phoros:conflevel.601,urn:cite:phoros:payrec.601,,,,
urn:cite:phoros:conflevel.602,urn:cite:phoros:payrec.602,,,,
urn:cite:phoros:conflevel.603,urn:cite:phoros:payrec.603,,,,
urn:cite:phoros:conflevel.604,urn:cite:phoros:payrec.604,,,,
urn:cite:phoros:conflevel.605,urn:cite:phoros:payrec.605,,,,
urn:cite:phoros:conflevel.606,urn:cite:phoros:payrec.606,,,,
urn:cite:phoros:conflevel.607,urn:cite:phoros:payrec.607,,,,
urn:cite:phoros:conflevel.608,urn:cite:phoros:payrec.608,,,,
urn:cite:phoros:conflevel.609,urn:cite:phoros:payrec.609,,,,
urn:cite:phoros:conflevel.610,urn:cite:phoros:payrec.610,,,,
urn:cite:phoros:conflevel.611,urn:cite:phoros:payrec.611,,,,
urn:cite:phoros:conflevel.612,urn:cite:phoros:payrec.612,,,,
urn:cite:phoros:conflevel.613,urn:cite:phoros:payrec.613,,,,
urn:cite:phoros:conflevel.614,urn:cite:phoros:payrec.614,,,,
urn:cite:phoros:conflevel.615,urn:cite:phoros:payrec.615,,,,
urn:cite:phoros:conflevel.616,urn:cite:phoros:payrec.616,,,,
urn:cite:phoros:conflevel.617,urn:cite:phoros:payrec.617,,,,
urn:cite:phoros:conflevel.618,urn:cite:phoros:payrec.618,,,,
urn:cite:phoros:conflevel.619,urn:cite:phoros:payrec.619,,,,
urn:cite:phoros:conflevel.620,urn:cite:phoros:payrec.620,,,,
urn:cite:phoros:conflevel.621,urn:cite:phoros:payrec.621,,,,
urn:cite:phoros:conflevel.622,urn:cite:phoros:payrec.622,,,,
urn:cite:phoros:conflevel.623,urn:cite:phoros:payrec.623,,,,
urn:cite:phoros:conflevel.624,urn:cite:phoros:payrec.624,,,,
urn:cite:phoros:conflevel.625,urn:cite:phoros:payrec.625,,,,
urn:cite:phoros:conflevel.626,urn:cite:phoros:payrec.626,,,,
urn:cite:phoros:conflevel.627,urn:cite:phoros:payrec.627,,,,
urn:cite:phoros:conflevel.628,urn:cite:phoros:payrec.628,,,,
urn:cite:phoros:conflevel.629,urn:cite:phoros:payrec.629,,,,
urn:cite:phoros:conflevel.630,urn:cite:phoros:payrec.630,,,,
urn:cite:phoros:conflevel.631,urn:cite:phoros:payrec.631,,,,
urn:cite:phoros:conflevel.632,urn:cite:phoros:payrec.632,,,,
urn:cite:phoros:conflevel.633,urn:cite:phoros:payrec.633,,,,
urn:cite:phoros:conflevel.634,urn:cite:phoros:payrec.634,,,,
urn:cite:phoros:conflevel.635,urn:cite:phoros:payrec.635,,,,
urn:cite:phoros:conflevel.636,urn:cite:phoros:payrec.636,,,,
urn:cite:phoros:conflevel.637,urn:cite:phoros:payrec.637,,,,
urn:cite:phoros:conflevel.638,urn:cite:phoros:payrec.638,,,,
urn:cite:phoros:conflevel.639,urn:cite:phoros:payrec.639,,,,
urn:cite:phoros:conflevel.640,urn:cite:phoros:payrec.640,,,,
urn:cite:phoros:conflevel.641,urn:cite:phoros:payrec.641,,,,
urn:cite:phoros:conflevel.642,urn:cite:phoros:payrec.642,,,,
urn:cite:phoros:conflevel.643,urn:cite:phoros:payrec.643,,,,
urn:cite:phoros:conflevel.644,urn:cite:phoros:payrec.644,,,,
urn:cite:phoros:conflevel.645,urn:cite:phoros:payrec.645,,,,
urn:cite:phoros:conflevel.646,urn:cite:phoros:payrec.646,,,,
urn:cite:phoros:conflevel.647,urn:cite:phoros:payrec.647,,,,
urn:cite:phoros:conflevel.648,urn:cite:phoros:payrec.648,,,,
urn:cite:phoros:conflevel.649,urn:cite:phoros:payrec.649,,,,
urn:cite:phoros:conflevel.650,urn:cite:phoros:payrec.650,,,,
urn:cite:phoros:conflevel.651,urn:cite:phoros:payrec.651,,,,
urn:cite:phoros:conflevel.652,urn:cite:phoros:payrec.652,,,,
urn:cite:phoros:conflevel.653,urn:cite:phoros:payrec.653,,,,
urn:cite:phoros:conflevel.654,urn:cite:phoros:payrec.654,,,,
urn:cite:phoros:conflevel.655,urn:cite:phoros:payrec.655,,,,
urn:cite:phoros:conflevel.656,urn:cite:phoros:payrec.656,,,,
urn:cite:phoros:conflevel.657,urn:cite:phoros:payrec.657,,,,
urn:cite:phoros:conflevel.658,urn:cite:phoros:payrec.658,,,,
urn:cite:phoros:conflevel.659,urn:cite:phoros:payrec.659,,,,
urn:cite:phoros:conflevel.660,urn:cite:phoros:payrec.660,,,,
urn:cite:phoros:conflevel.661,urn:cite:phoros:payrec.661,,,,
urn:cite:phoros:conflevel.662,urn:cite:phoros:payrec.662,,,,
urn:cite:phoros:conflevel.663,urn:cite:phoros:payrec.663,,,,
urn:cite:phoros:conflevel.664,urn:cite:phoros:payrec.664,,,,
urn:cite:phoros:conflevel.665,urn:cite:phoros:payrec.665,,,,
urn:cite:phoros:conflevel.666,urn:cite:phoros:payrec.666,,,,
urn:cite:phoros:conflevel.667,urn:cite:phoros:payrec.667,,,,
urn:cite:phoros:conflevel.668,urn:cite:phoros:payrec.668,,,,
urn:cite:phoros:conflevel.669,urn:cite:phoros:payrec.669,,,,
urn:cite:phoros:conflevel.670,urn:cite:phoros:payrec.670,,,,
urn:cite:phoros:conflevel.671,urn:cite:phoros:payrec.671,,,,
urn:cite:phoros:conflevel.672,urn:cite:phoros:payrec.672,,,,
urn:cite:phoros:conflevel.673,urn:cite:phoros:payrec.673,,,,
urn:cite:phoros:conflevel.674,urn:cite:phoros:payrec.674,,,,
urn:cite:phoros:conflevel.675,urn:cite:phoros:payrec.675,,,,
urn:cite:phoros:conflevel.676,urn:cite:phoros:payrec.676,,,,
urn:cite:phoros:conflevel.677,urn:cite:phoros:payrec.677,,,,
urn:cite:phoros:conflevel.678,urn:cite:phoros:payrec.678,,,,
urn:cite:phoros:conflevel.679,urn:cite:phoros:payrec.679,,,,
urn:cite:phoros:conflevel.680,urn:cite:phoros:payrec.680,,,,
urn:cite:phoros:conflevel.681,urn:cite:phoros:payrec.681,,,,
urn:cite:phoros:conflevel.682,urn:cite:phoros:payrec.682,,,,
urn:cite:phoros:conflevel.683,urn:cite:phoros:payrec.683,,,,
urn:cite:phoros:conflevel.684,urn:cite:phoros:payrec.684,,,,
urn:cite:phoros:conflevel.685,urn:cite:phoros:payrec.685,,,,
urn:cite:phoros:conflevel.686,urn:cite:phoros:payrec.686,,,,
urn:cite:phoros:conflevel.687,urn:cite:phoros:payrec.687,,,,
urn:cite:phoros:conflevel.688,urn:cite:phoros:payrec.688,,,,
urn:cite:phoros:conflevel.689,urn:cite:phoros:payrec.689,,,,
urn:cite:phoros:conflevel.690,urn:cite:phoros:payrec.690,,,,
urn:cite:phoros:conflevel.691,urn:cite:phoros:payrec.691,,,,
urn:cite:phoros:conflevel.692,urn:cite:phoros:payrec.692,,,,
urn:cite:phoros:conflevel.693,urn:cite:phoros:payrec.693,,,,
urn:cite:phoros:conflevel.694,urn:cite:phoros:payrec.694,,,,
urn:cite:phoros:conflevel.695,urn:cite:phoros:payrec.695,,,,
urn:cite:phoros:conflevel.696,urn:cite:phoros:payrec.696,,,,
urn:cite:phoros:conflevel.697,urn:cite:phoros:payrec.697,,,,
urn:cite:phoros:conflevel.698,urn:cite:phoros:payrec.698,,,,
urn:cite:phoros:conflevel.699,urn:cite:phoros:payrec.699,,,,
urn:cite:phoros:conflevel.700,urn:cite:phoros:payrec.700,,,,
urn:cite:phoros:conflevel.701,urn:cite:phoros:payrec.701,,,,
urn:cite:phoros:conflevel.702,urn:cite:phoros:payrec.702,,,,
urn:cite:phoros:conflevel.703,urn:cite:phoros:payrec.703,,,,
urn:cite:phoros:conflevel.704,urn:cite:phoros:payrec.704,,,,
urn:cite:phoros:conflevel.705,urn:cite:phoros:payrec.705,,,,
urn:cite:phoros:conflevel.706,urn:cite:phoros:payrec.706,,,,
urn:cite:phoros:conflevel.707,urn:cite:phoros:payrec.707,,,,
urn:cite:phoros:conflevel.708,urn:cite:phoros:payrec.708,,,,
urn:cite:phoros:conflevel.709,urn:cite:phoros:payrec.709,,,,
urn:cite:phoros:conflevel.710,urn:cite:phoros:payrec.710,,,,
urn:cite:phoros:conflevel.711,urn:cite:phoros:payrec.711,,,,
urn:cite:phoros:conflevel.712,urn:cite:phoros:payrec.712,,,,
urn:cite:phoros:conflevel.713,urn:cite:phoros:payrec.713,,,,
urn:cite:phoros:conflevel.714,urn:cite:phoros:payrec.714,,,,
urn:cite:phoros:conflevel.715,urn:cite:phoros:payrec.715,,,,
urn:cite:phoros:conflevel.716,urn:cite:phoros:payrec.716,,,,
urn:cite:phoros:conflevel.717,urn:cite:phoros:payrec.717,,,,
urn:cite:phoros:conflevel.718,urn:cite:phoros:payrec.718,,,,
urn:cite:phoros:conflevel.719,urn:cite:phoros:payrec.719,,,,
urn:cite:phoros:conflevel.720,urn:cite:phoros:payrec.720,,,,
urn:cite:phoros:conflevel.721,urn:cite:phoros:payrec.721,,,,
urn:cite:phoros:conflevel.722,urn:cite:phoros:payrec.722,,,,
urn:cite:phoros:conflevel.723,urn:cite:phoros:payrec.723,,,,
urn:cite:phoros:conflevel.724,urn:cite:phoros:payrec.724,,,,
urn:cite:phoros:conflevel.725,urn:cite:phoros:payrec.725,,,,
urn:cite:phoros:conflevel.726,urn:cite:phoros:payrec.726,,,,
urn:cite:phoros:conflevel.727,urn:cite:phoros:payrec.727,,,,
urn:cite:phoros:conflevel.728,urn:cite:phoros:payrec.728,,,,
urn:cite:phoros:conflevel.729,urn:cite:phoros:payrec.729,,,,
urn:cite:phoros:conflevel.730,urn:cite:phoros:payrec.730,,,,
urn:cite:phoros:conflevel.731,urn:cite:phoros:payrec.731,,,,
urn:cite:phoros:conflevel.732,urn:cite:phoros:payrec.732,,,,
urn:cite:phoros:conflevel.733,urn:cite:phoros:payrec.733,,,,
urn:cite:phoros:conflevel.734,urn:cite:phoros:payrec.734,,,,
urn:cite:phoros:conflevel.735,urn:cite:phoros:payrec.735,,,,
urn:cite:phoros:conflevel.736,urn:cite:phoros:payrec.736,,,,
urn:cite:phoros:conflevel.737,urn:cite:phoros:payrec.737,,,,
urn:cite:phoros:conflevel.738,urn:cite:phoros:payrec.738,,,,
urn:cite:phoros:conflevel.739,urn:cite:phoros:payrec.739,,,,
urn:cite:phoros:conflevel.740,urn:cite:phoros:payrec.740,,,,
urn:cite:phoros:conflevel.741,urn:cite:phoros:payrec.741,,,,
urn:cite:phoros:conflevel.742,urn:cite:phoros:payrec.742,,,,
urn:cite:phoros:conflevel.743,urn:cite:phoros:payrec.743,,,,
urn:cite:phoros:conflevel.744,urn:cite:phoros:payrec.744,,,,
urn:cite:phoros:conflevel.745,urn:cite:phoros:payrec.745,,,,
urn:cite:phoros:conflevel.746,urn:cite:phoros:payrec.746,,,,
urn:cite:phoros:conflevel.747,urn:cite:phoros:payrec.747,,,,
urn:cite:phoros:conflevel.748,urn:cite:phoros:payrec.748,,,,
urn:cite:phoros:conflevel.749,urn:cite:phoros:payrec.749,,,,
urn:cite:phoros:conflevel.750,urn:cite:phoros:payrec.750,,,,
urn:cite:phoros:conflevel.751,urn:cite:phoros:payrec.751,,,,
urn:cite:phoros:conflevel.752,urn:cite:phoros:payrec.752,,,,
urn:cite:phoros:conflevel.753,urn:cite:phoros:payrec.753,,,,
urn:cite:phoros:conflevel.754,urn:cite:phoros:payrec.754,,,,
urn:cite:phoros:conflevel.755,urn:cite:phoros:payrec.755,,,,
urn:cite:phoros:conflevel.756,urn:cite:phoros:payrec.756,,,,
urn:cite:phoros:conflevel.757,urn:cite:phoros:payrec.757,,,,
urn:cite:phoros:conflevel.758,urn:cite:phoros:payrec.758,,,,
urn:cite:phoros:conflevel.759,urn:cite:phoros:payrec.759,,,,
urn:cite:phoros:conflevel.760,urn:cite:phoros:payrec.760,,,,
urn:cite:phoros:conflevel.761,urn:cite:phoros:payrec.761,,,,
urn:cite:phoros:conflevel.762,urn:cite:phoros:payrec.762,,,,
urn:cite:phoros:conflevel.763,urn:cite:phoros:payrec.763,,,,
urn:cite:phoros:conflevel.764,urn:cite:phoros:payrec.764,,,,
urn:cite:phoros:conflevel.765,urn:cite:phoros:payrec.765,,,,
urn:cite:phoros:conflevel.766,urn:cite:phoros:payrec.766,,,,
urn:cite:phoros:conflevel.767,urn:cite:phoros:payrec.767,,,,
urn:cite:phoros:conflevel.768,urn:cite:phoros:payrec.768,,,,
urn:cite:phoros:conflevel.769,urn:cite:phoros:payrec.769,,,,
urn:cite:phoros:conflevel.770,urn:cite:phoros:payrec.770,,,,
urn:cite:phoros:conflevel.771,urn:cite:phoros:payrec.771,,,,
urn:cite:phoros:conflevel.772,urn:cite:phoros:payrec.772,,,,
urn:cite:phoros:conflevel.773,urn:cite:phoros:payrec.773,,,,
urn:cite:phoros:conflevel.774,urn:cite:phoros:payrec.774,,,,
urn:cite:phoros:conflevel.775,urn:cite:phoros:payrec.775,,,,
urn:cite:phoros:conflevel.776,urn:cite:phoros:payrec.776,,,,
urn:cite:phoros:conflevel.777,urn:cite:phoros:payrec.777,,,,
urn:cite:phoros:conflevel.778,urn:cite:phoros:payrec.778,,,,
urn:cite:phoros:conflevel.779,urn:cite:phoros:payrec.779,,,,
urn:cite:phoros:conflevel.780,urn:cite:phoros:payrec.780,,,,
urn:cite:phoros:conflevel.781,urn:cite:phoros:payrec.781,,,,
urn:cite:phoros:conflevel.782,urn:cite:phoros:payrec.782,,,,
urn:cite:phoros:conflevel.783,urn:cite:phoros:payrec.783,,,,
urn:cite:phoros:conflevel.784,urn:cite:phoros:payrec.784,,,,
urn:cite:phoros:conflevel.785,urn:cite:phoros:payrec.785,,,,
urn:cite:phoros:conflevel.786,urn:cite:phoros:payrec.786,,,,
urn:cite:phoros:conflevel.787,urn:cite:phoros:payrec.787,,,,
urn:cite:phoros:conflevel.788,urn:cite:phoros:payrec.788,,,,
urn:cite:phoros:conflevel.789,urn:cite:phoros:payrec.789,,,,
urn:cite:phoros:conflevel.790,urn:cite:phoros:payrec.790,,,,
urn:cite:phoros:conflevel.791,urn:cite:phoros:payrec.791,,,,
urn:cite:phoros:conflevel.792,urn:cite:phoros:payrec.792,,,,
urn:cite:phoros:conflevel.793,urn:cite:phoros:payrec.793,,,,
urn:cite:phoros:conflevel.794,urn:cite:phoros:payrec.794,,,,
urn:cite:phoros:conflevel.795,urn:cite:phoros:payrec.795,,,,
urn:cite:phoros:conflevel.796,urn:cite:phoros:payrec.796,,,,
urn:cite:phoros:conflevel.797,urn:cite:phoros:payrec.797,,,,
urn:cite:phoros:conflevel.798,urn:cite:phoros:payrec.798,,,,
urn:cite:phoros:conflevel.799,urn:cite:phoros:payrec.799,,,,
urn:cite:phoros:conflevel.800,urn:cite:phoros:payrec.800,,,,
urn:cite:phoros:conflevel.801,urn:cite:phoros:payrec.801,,,,
urn:cite:phoros:conflevel.802,urn:cite:phoros:payrec.802,,,,
urn:cite:phoros:conflevel.803,urn:cite:phoros:payrec.803,,,,
urn:cite:phoros:conflevel.804,urn:cite:phoros:payrec.804,,,,
urn:cite:phoros:conflevel.805,urn:cite:phoros:payrec.805,,,,
urn:cite:phoros:conflevel.806,urn:cite:phoros:payrec.806,,,,
urn:cite:phoros:conflevel.807,urn:cite:phoros:payrec.807,,,,
urn:cite:phoros:conflevel.808,urn:cite:phoros:payrec.808,,,,
urn:cite:phoros:conflevel.809,urn:cite:phoros:payrec.809,,,,
urn:cite:phoros:conflevel.810,urn:cite:phoros:payrec.810,,,,
urn:cite:phoros:conflevel.811,urn:cite:phoros:payrec.811,,,,
urn:cite:phoros:conflevel.812,urn:cite:phoros:payrec.812,,,,
urn:cite:phoros:conflevel.813,urn:cite:phoros:payrec.813,,,,
urn:cite:phoros:conflevel.814,urn:cite:phoros:payrec.814,,,,
urn:cite:phoros:conflevel.815,urn:cite:phoros:payrec.815,,,,
urn:cite:phoros:conflevel.816,urn:cite:phoros:payrec.816,,,,
urn:cite:phoros:conflevel.817,urn:cite:phoros:payrec.817,,,,
urn:cite:phoros:conflevel.818,urn:cite:phoros:payrec.818,,,,
urn:cite:phoros:conflevel.819,urn:cite:phoros:payrec.819,,,,
urn:cite:phoros:conflevel.820,urn:cite:phoros:payrec.820,,,,
urn:cite:phoros:conflevel.821,urn:cite:phoros:payrec.821,,,,
urn:cite:phoros:conflevel.822,urn:cite:phoros:payrec.822,,,,
urn:cite:phoros:conflevel.823,urn:cite:phoros:payrec.823,,,,
