Payment,TextPassage
urn:cite:phoros:payrec.1,urn:cts:phoros:stele1.year:
urn:cite:phoros:payrec.2,urn:cts:phoros:stele1.year:front.1.1
urn:cite:phoros:payrec.3,urn:cts:phoros:stele1.year:front.1.14
urn:cite:phoros:payrec.4,urn:cts:phoros:stele1.year:front.1.15
urn:cite:phoros:payrec.5,urn:cts:phoros:stele1.year:front.1.16
urn:cite:phoros:payrec.6,urn:cts:phoros:stele1.year:front.1.17
urn:cite:phoros:payrec.7,urn:cts:phoros:stele1.year:front.1.18
urn:cite:phoros:payrec.8,urn:cts:phoros:stele1.year:front.1.19
urn:cite:phoros:payrec.9,urn:cts:phoros:stele1.year:front.1.21
urn:cite:phoros:payrec.10,urn:cts:phoros:stele1.year:front.1.22
urn:cite:phoros:payrec.11,urn:cts:phoros:stele1.year:front.1.23
urn:cite:phoros:payrec.12,urn:cts:phoros:stele1.year:front.1.24
urn:cite:phoros:payrec.13,urn:cts:phoros:stele1.year:front.1.25
urn:cite:phoros:payrec.14,urn:cts:phoros:stele1.year:front.1.26
urn:cite:phoros:payrec.15,urn:cts:phoros:stele1.year:front.1.27
urn:cite:phoros:payrec.16,urn:cts:phoros:stele1.year:front.1.28
urn:cite:phoros:payrec.17,urn:cts:phoros:stele1.year:front.2.7
urn:cite:phoros:payrec.18,urn:cts:phoros:stele1.year:front.2.8
urn:cite:phoros:payrec.19,urn:cts:phoros:stele1.year:front.2.9
urn:cite:phoros:payrec.20,urn:cts:phoros:stele1.year:front.2.10
urn:cite:phoros:payrec.21,urn:cts:phoros:stele1.year:front.2.11
urn:cite:phoros:payrec.22,urn:cts:phoros:stele1.year:front.2.12
urn:cite:phoros:payrec.23,urn:cts:phoros:stele1.year:front.2.13
urn:cite:phoros:payrec.24,urn:cts:phoros:stele1.year:front.2.14
urn:cite:phoros:payrec.25,urn:cts:phoros:stele1.year:front.2.15
urn:cite:phoros:payrec.26,urn:cts:phoros:stele1.year:front.2.16
urn:cite:phoros:payrec.27,urn:cts:phoros:stele1.year:front.2.17
urn:cite:phoros:payrec.28,urn:cts:phoros:stele1.year:front.2.18
urn:cite:phoros:payrec.29,urn:cts:phoros:stele1.year:front.2.19
urn:cite:phoros:payrec.30,urn:cts:phoros:stele1.year:front.2.25
urn:cite:phoros:payrec.31,urn:cts:phoros:stele1.year:front.2.26
urn:cite:phoros:payrec.32,urn:cts:phoros:stele1.year:front.2.27
urn:cite:phoros:payrec.33,urn:cts:phoros:stele1.year:front.2.28
urn:cite:phoros:payrec.34,urn:cts:phoros:stele1.year:front.2.29
urn:cite:phoros:payrec.35,urn:cts:phoros:stele1.year:front.3.12
urn:cite:phoros:payrec.36,urn:cts:phoros:stele1.year:front.3.13
urn:cite:phoros:payrec.37,urn:cts:phoros:stele1.year:front.3.14
urn:cite:phoros:payrec.38,urn:cts:phoros:stele1.year:front.3.15
urn:cite:phoros:payrec.39,urn:cts:phoros:stele1.year:front.3.16
urn:cite:phoros:payrec.40,urn:cts:phoros:stele1.year:front.3.17
urn:cite:phoros:payrec.41,urn:cts:phoros:stele1.year:front.3.20
urn:cite:phoros:payrec.42,urn:cts:phoros:stele1.year:front.3.21
urn:cite:phoros:payrec.43,urn:cts:phoros:stele1.year:front.3.22
urn:cite:phoros:payrec.44,urn:cts:phoros:stele1.year:front.3.23
urn:cite:phoros:payrec.45,urn:cts:phoros:stele1.year:front.3.24
urn:cite:phoros:payrec.46,urn:cts:phoros:stele1.year:front.3.25
urn:cite:phoros:payrec.47,urn:cts:phoros:stele1.year:front.3.26
urn:cite:phoros:payrec.48,urn:cts:phoros:stele1.year:front.3.27
urn:cite:phoros:payrec.49,urn:cts:phoros:stele1.year:front.3.28
urn:cite:phoros:payrec.50,urn:cts:phoros:stele1.year:front.3.29
urn:cite:phoros:payrec.51,urn:cts:phoros:stele1.year:front.4.5
urn:cite:phoros:payrec.52,urn:cts:phoros:stele1.year:front.4.6
urn:cite:phoros:payrec.53,urn:cts:phoros:stele1.year:front.4.7
urn:cite:phoros:payrec.54,urn:cts:phoros:stele1.year:front.4.8
urn:cite:phoros:payrec.55,urn:cts:phoros:stele1.year:front.4.9
urn:cite:phoros:payrec.56,urn:cts:phoros:stele1.year:front.4.10
urn:cite:phoros:payrec.57,urn:cts:phoros:stele1.year:front.4.11
urn:cite:phoros:payrec.58,urn:cts:phoros:stele1.year:front.4.12
urn:cite:phoros:payrec.59,urn:cts:phoros:stele1.year:front.4.13
urn:cite:phoros:payrec.60,urn:cts:phoros:stele1.year:front.4.14
urn:cite:phoros:payrec.61,urn:cts:phoros:stele1.year:front.4.15
urn:cite:phoros:payrec.62,urn:cts:phoros:stele1.year:front.4.16
urn:cite:phoros:payrec.63,urn:cts:phoros:stele1.year:front.4.17
urn:cite:phoros:payrec.64,urn:cts:phoros:stele1.year:front.4.18
urn:cite:phoros:payrec.65,urn:cts:phoros:stele1.year:front.4.19
urn:cite:phoros:payrec.66,urn:cts:phoros:stele1.year:front.4.20
urn:cite:phoros:payrec.67,urn:cts:phoros:stele1.year:front.4.21
urn:cite:phoros:payrec.68,urn:cts:phoros:stele1.year:front.4.22
urn:cite:phoros:payrec.69,urn:cts:phoros:stele1.year:front.4.23
urn:cite:phoros:payrec.70,urn:cts:phoros:stele1.year:front.4.24
urn:cite:phoros:payrec.71,urn:cts:phoros:stele1.year:front.4.25
urn:cite:phoros:payrec.72,urn:cts:phoros:stele1.year:front.4.26
urn:cite:phoros:payrec.73,urn:cts:phoros:stele1.year:front.4.27
urn:cite:phoros:payrec.74,urn:cts:phoros:stele1.year:front.4.28
urn:cite:phoros:payrec.75,urn:cts:phoros:stele1.year:front.4.29
urn:cite:phoros:payrec.76,urn:cts:phoros:stele1.year:front.5.5
urn:cite:phoros:payrec.77,urn:cts:phoros:stele1.year:front.5.6
urn:cite:phoros:payrec.78,urn:cts:phoros:stele1.year:front.5.7
urn:cite:phoros:payrec.79,urn:cts:phoros:stele1.year:front.5.8
urn:cite:phoros:payrec.80,urn:cts:phoros:stele1.year:front.5.9
urn:cite:phoros:payrec.81,urn:cts:phoros:stele1.year:front.5.10
urn:cite:phoros:payrec.82,urn:cts:phoros:stele1.year:front.5.11
urn:cite:phoros:payrec.83,urn:cts:phoros:stele1.year:front.5.12
urn:cite:phoros:payrec.84,urn:cts:phoros:stele1.year:front.5.13
urn:cite:phoros:payrec.85,urn:cts:phoros:stele1.year:front.5.14
urn:cite:phoros:payrec.86,urn:cts:phoros:stele1.year:front.5.15
urn:cite:phoros:payrec.87,urn:cts:phoros:stele1.year:front.5.16
urn:cite:phoros:payrec.88,urn:cts:phoros:stele1.year:front.5.17
urn:cite:phoros:payrec.89,urn:cts:phoros:stele1.year:front.5.18
urn:cite:phoros:payrec.90,urn:cts:phoros:stele1.year:front.5.19
urn:cite:phoros:payrec.91,urn:cts:phoros:stele1.year:front.5.20
urn:cite:phoros:payrec.92,urn:cts:phoros:stele1.year:front.5.21
urn:cite:phoros:payrec.93,urn:cts:phoros:stele1.year:front.6.5
urn:cite:phoros:payrec.94,urn:cts:phoros:stele1.year:front.6.6
urn:cite:phoros:payrec.95,urn:cts:phoros:stele1.year:front.6.7
urn:cite:phoros:payrec.96,urn:cts:phoros:stele1.year:front.6.7
urn:cite:phoros:payrec.97,urn:cts:phoros:stele1.year:front.6.9
urn:cite:phoros:payrec.98,urn:cts:phoros:stele1.year:front.6.10
urn:cite:phoros:payrec.99,urn:cts:phoros:stele1.year:front.6.11
urn:cite:phoros:payrec.100,urn:cts:phoros:stele1.year:front.6.12
urn:cite:phoros:payrec.101,urn:cts:phoros:stele1.year:front.6.13
urn:cite:phoros:payrec.102,urn:cts:phoros:stele1.year:front.6.14
urn:cite:phoros:payrec.103,urn:cts:phoros:stele1.year:front.6.15
urn:cite:phoros:payrec.104,urn:cts:phoros:stele1.year:front.6.16
urn:cite:phoros:payrec.105,urn:cts:phoros:stele1.year:front.6.17
urn:cite:phoros:payrec.106,urn:cts:phoros:stele1.year:front.6.18
urn:cite:phoros:payrec.107,urn:cts:phoros:stele1.year:front.6.19
urn:cite:phoros:payrec.108,urn:cts:phoros:stele1.year:front.6.20
urn:cite:phoros:payrec.109,urn:cts:phoros:stele1.year:front.6.21
urn:cite:phoros:payrec.110,urn:cts:phoros:stele1.year:
urn:cite:phoros:payrec.111,urn:cts:phoros:stele1.year:header.1.11
urn:cite:phoros:payrec.112,urn:cts:phoros:stele1.year:header.1.12
urn:cite:phoros:payrec.113,urn:cts:phoros:stele1.year:header.1.13
urn:cite:phoros:payrec.114,urn:cts:phoros:stele1.year:header.1.14
urn:cite:phoros:payrec.115,urn:cts:phoros:stele1.year:header.1.15
urn:cite:phoros:payrec.116,urn:cts:phoros:stele1.year:header.1.16
urn:cite:phoros:payrec.117,urn:cts:phoros:stele1.year:header.1.17
urn:cite:phoros:payrec.118,urn:cts:phoros:stele1.year:header.1.18
urn:cite:phoros:payrec.119,urn:cts:phoros:stele1.year:header.2.2
urn:cite:phoros:payrec.120,urn:cts:phoros:stele1.year:header.2.3
urn:cite:phoros:payrec.121,urn:cts:phoros:stele1.year:header.3.2
urn:cite:phoros:payrec.122,urn:cts:phoros:stele1.year:header.3.3
urn:cite:phoros:payrec.123,urn:cts:phoros:stele1.year:header.4.15
urn:cite:phoros:payrec.124,urn:cts:phoros:stele1.year:header.4.16
urn:cite:phoros:payrec.125,urn:cts:phoros:stele1.year:header.4.17
urn:cite:phoros:payrec.126,urn:cts:phoros:stele1.year:header.4.18
urn:cite:phoros:payrec.127,urn:cts:phoros:stele1.year:header.5.9
urn:cite:phoros:payrec.128,urn:cts:phoros:stele1.year:header.5.10
urn:cite:phoros:payrec.129,urn:cts:phoros:stele1.year:header.5.11
urn:cite:phoros:payrec.130,urn:cts:phoros:stele1.year:header.5.12
urn:cite:phoros:payrec.131,urn:cts:phoros:stele1.year:header.5.13
urn:cite:phoros:payrec.132,urn:cts:phoros:stele1.year:header.5.15
urn:cite:phoros:payrec.133,urn:cts:phoros:stele1.year:header.5.16
urn:cite:phoros:payrec.134,urn:cts:phoros:stele1.year:header.5.17
urn:cite:phoros:payrec.135,urn:cts:phoros:stele1.year:header.6.7
urn:cite:phoros:payrec.136,urn:cts:phoros:stele1.year:header.6.8
urn:cite:phoros:payrec.137,urn:cts:phoros:stele1.year:header.6.9
urn:cite:phoros:payrec.138,urn:cts:phoros:stele1.year:header.6.10
urn:cite:phoros:payrec.139,urn:cts:phoros:stele1.year:header.6.11
urn:cite:phoros:payrec.140,urn:cts:phoros:stele1.year:header.6.12
urn:cite:phoros:payrec.141,urn:cts:phoros:stele1.year:header.6.13
urn:cite:phoros:payrec.142,urn:cts:phoros:stele1.year:header.6.14
urn:cite:phoros:payrec.143,urn:cts:phoros:stele1.year:header.6.15
urn:cite:phoros:payrec.144,urn:cts:phoros:stele1.year:header.6.16
urn:cite:phoros:payrec.145,urn:cts:phoros:stele1.year:header.6.17
urn:cite:phoros:payrec.146,urn:cts:phoros:stele1.year:header.6.18
urn:cite:phoros:payrec.147,urn:cts:phoros:stele1.year:header.7.13
urn:cite:phoros:payrec.148,urn:cts:phoros:stele1.year:header.7.14
urn:cite:phoros:payrec.149,urn:cts:phoros:stele1.year:header.7.15
urn:cite:phoros:payrec.150,urn:cts:phoros:stele1.year:header.7.16
urn:cite:phoros:payrec.151,urn:cts:phoros:stele1.year:header.7.17
urn:cite:phoros:payrec.152,urn:cts:phoros:stele1.year:header.7.18
urn:cite:phoros:payrec.153,urn:cts:phoros:stele1.year:right.8.13
urn:cite:phoros:payrec.154,urn:cts:phoros:stele1.year:right.8.14
urn:cite:phoros:payrec.155,urn:cts:phoros:stele1.year:right.8.15
urn:cite:phoros:payrec.156,urn:cts:phoros:stele1.year:right.8.16
urn:cite:phoros:payrec.157,urn:cts:phoros:stele1.year:right.8.17
urn:cite:phoros:payrec.158,urn:cts:phoros:stele1.year:right.8.18
urn:cite:phoros:payrec.159,urn:cts:phoros:stele1.year:right.9.2
urn:cite:phoros:payrec.160,urn:cts:phoros:stele1.year:right.9.3
urn:cite:phoros:payrec.161,urn:cts:phoros:stele1.year:right.9.4
urn:cite:phoros:payrec.162,urn:cts:phoros:stele1.year:right.9.5
urn:cite:phoros:payrec.163,urn:cts:phoros:stele1.year:right.9.6
urn:cite:phoros:payrec.164,urn:cts:phoros:stele1.year:right.9.7
urn:cite:phoros:payrec.165,urn:cts:phoros:stele1.year:right.9.8
urn:cite:phoros:payrec.166,urn:cts:phoros:stele1.year:right.9.9
urn:cite:phoros:payrec.167,urn:cts:phoros:stele1.year:right.9.10
urn:cite:phoros:payrec.168,urn:cts:phoros:stele1.year:right.10.2
urn:cite:phoros:payrec.169,urn:cts:phoros:stele1.year:right.10.3
urn:cite:phoros:payrec.170,urn:cts:phoros:stele1.year:right.10.4
urn:cite:phoros:payrec.171,urn:cts:phoros:stele1.year:right.10.5
urn:cite:phoros:payrec.172,urn:cts:phoros:stele1.year:right.10.6
urn:cite:phoros:payrec.173,urn:cts:phoros:stele1.year:right.10.7
urn:cite:phoros:payrec.174,urn:cts:phoros:stele1.year:right.10.8
urn:cite:phoros:payrec.175,urn:cts:phoros:stele1.year:right.10.9
urn:cite:phoros:payrec.176,urn:cts:phoros:stele1.year:right.10.10
urn:cite:phoros:payrec.177,urn:cts:phoros:stele1.year:
urn:cite:phoros:payrec.178,urn:cts:phoros:stele1.year:front.1.2
urn:cite:phoros:payrec.179,urn:cts:phoros:stele1.year:front.1.3
urn:cite:phoros:payrec.180,urn:cts:phoros:stele1.year:front.1.4
urn:cite:phoros:payrec.181,urn:cts:phoros:stele1.year:front.1.5
urn:cite:phoros:payrec.182,urn:cts:phoros:stele1.year:front.1.6
urn:cite:phoros:payrec.183,urn:cts:phoros:stele1.year:front.1.7
urn:cite:phoros:payrec.184,urn:cts:phoros:stele1.year:front.1.8
urn:cite:phoros:payrec.185,urn:cts:phoros:stele1.year:front.1.9
urn:cite:phoros:payrec.186,urn:cts:phoros:stele1.year:front.1.10
urn:cite:phoros:payrec.187,urn:cts:phoros:stele1.year:front.1.11
urn:cite:phoros:payrec.188,urn:cts:phoros:stele1.year:front.1.12
urn:cite:phoros:payrec.189,urn:cts:phoros:stele1.year:front.1.13
urn:cite:phoros:payrec.190,urn:cts:phoros:stele1.year:front.1.14
urn:cite:phoros:payrec.191,urn:cts:phoros:stele1.year:front.1.15
urn:cite:phoros:payrec.192,urn:cts:phoros:stele1.year:front.1.16
urn:cite:phoros:payrec.193,urn:cts:phoros:stele1.year:front.1.17
urn:cite:phoros:payrec.194,urn:cts:phoros:stele1.year:front.1.29
urn:cite:phoros:payrec.195,urn:cts:phoros:stele1.year:front.1.30
urn:cite:phoros:payrec.196,urn:cts:phoros:stele1.year:front.1.31
urn:cite:phoros:payrec.197,urn:cts:phoros:stele1.year:front.1.32
urn:cite:phoros:payrec.198,urn:cts:phoros:stele1.year:front.2.2
urn:cite:phoros:payrec.199,urn:cts:phoros:stele1.year:front.2.3
urn:cite:phoros:payrec.200,urn:cts:phoros:stele1.year:front.2.4
urn:cite:phoros:payrec.201,urn:cts:phoros:stele1.year:front.2.5
urn:cite:phoros:payrec.202,urn:cts:phoros:stele1.year:front.2.6
urn:cite:phoros:payrec.203,urn:cts:phoros:stele1.year:front.2.7
urn:cite:phoros:payrec.204,urn:cts:phoros:stele1.year:front.2.8
urn:cite:phoros:payrec.205,urn:cts:phoros:stele1.year:front.2.9
urn:cite:phoros:payrec.206,urn:cts:phoros:stele1.year:front.2.10
urn:cite:phoros:payrec.207,urn:cts:phoros:stele1.year:front.2.11
urn:cite:phoros:payrec.208,urn:cts:phoros:stele1.year:front.2.12
urn:cite:phoros:payrec.209,urn:cts:phoros:stele1.year:front.2.28
urn:cite:phoros:payrec.210,urn:cts:phoros:stele1.year:front.2.29
urn:cite:phoros:payrec.211,urn:cts:phoros:stele1.year:front.2.30
urn:cite:phoros:payrec.212,urn:cts:phoros:stele1.year:front.2.31
urn:cite:phoros:payrec.213,urn:cts:phoros:stele1.year:front.3.2
urn:cite:phoros:payrec.214,urn:cts:phoros:stele1.year:front.3.3
urn:cite:phoros:payrec.215,urn:cts:phoros:stele1.year:front.3.4
urn:cite:phoros:payrec.216,urn:cts:phoros:stele1.year:front.3.5
urn:cite:phoros:payrec.217,urn:cts:phoros:stele1.year:front.3.6
urn:cite:phoros:payrec.218,urn:cts:phoros:stele1.year:front.3.7
urn:cite:phoros:payrec.219,urn:cts:phoros:stele1.year:front.3.8
urn:cite:phoros:payrec.220,urn:cts:phoros:stele1.year:front.3.9
urn:cite:phoros:payrec.221,urn:cts:phoros:stele1.year:front.3.10
urn:cite:phoros:payrec.222,urn:cts:phoros:stele1.year:front.3.11
urn:cite:phoros:payrec.223,urn:cts:phoros:stele1.year:front.3.24
urn:cite:phoros:payrec.224,urn:cts:phoros:stele1.year:front.3.25
urn:cite:phoros:payrec.225,urn:cts:phoros:stele1.year:front.3.26
urn:cite:phoros:payrec.226,urn:cts:phoros:stele1.year:front.3.28
urn:cite:phoros:payrec.227,urn:cts:phoros:stele1.year:front.3.29
urn:cite:phoros:payrec.228,urn:cts:phoros:stele1.year:front.3.31
urn:cite:phoros:payrec.229,urn:cts:phoros:stele1.year:front.4.2
urn:cite:phoros:payrec.230,urn:cts:phoros:stele1.year:front.4.3
urn:cite:phoros:payrec.231,urn:cts:phoros:stele1.year:front.4.4
urn:cite:phoros:payrec.232,urn:cts:phoros:stele1.year:front.4.5
urn:cite:phoros:payrec.233,urn:cts:phoros:stele1.year:front.4.6
urn:cite:phoros:payrec.234,urn:cts:phoros:stele1.year:front.4.7
urn:cite:phoros:payrec.235,urn:cts:phoros:stele1.year:front.4.8
urn:cite:phoros:payrec.236,urn:cts:phoros:stele1.year:front.4.9
urn:cite:phoros:payrec.237,urn:cts:phoros:stele1.year:front.4.10
urn:cite:phoros:payrec.238,urn:cts:phoros:stele1.year:front.4.11
urn:cite:phoros:payrec.239,urn:cts:phoros:stele1.year:front.4.12
urn:cite:phoros:payrec.240,urn:cts:phoros:stele1.year:front.4.13
urn:cite:phoros:payrec.241,urn:cts:phoros:stele1.year:front.4.14
urn:cite:phoros:payrec.242,urn:cts:phoros:stele1.year:front.4.15
urn:cite:phoros:payrec.243,urn:cts:phoros:stele1.year:front.4.16
urn:cite:phoros:payrec.244,urn:cts:phoros:stele1.year:front.4.17
urn:cite:phoros:payrec.245,urn:cts:phoros:stele1.year:front.4.19
urn:cite:phoros:payrec.246,urn:cts:phoros:stele1.year:front.4.20
urn:cite:phoros:payrec.247,urn:cts:phoros:stele1.year:front.4.24
urn:cite:phoros:payrec.248,urn:cts:phoros:stele1.year:front.4.25
urn:cite:phoros:payrec.249,urn:cts:phoros:stele1.year:front.4.26
urn:cite:phoros:payrec.250,urn:cts:phoros:stele1.year:front.4.27
urn:cite:phoros:payrec.251,urn:cts:phoros:stele1.year:front.4.28
urn:cite:phoros:payrec.252,urn:cts:phoros:stele1.year:front.4.29
urn:cite:phoros:payrec.253,urn:cts:phoros:stele1.year:front.4.30
urn:cite:phoros:payrec.254,urn:cts:phoros:stele1.year:front.4.31
urn:cite:phoros:payrec.255,urn:cts:phoros:stele1.year:front.5.2
urn:cite:phoros:payrec.256,urn:cts:phoros:stele1.year:front.5.3
urn:cite:phoros:payrec.257,urn:cts:phoros:stele1.year:front.5.4
urn:cite:phoros:payrec.258,urn:cts:phoros:stele1.year:front.5.5
urn:cite:phoros:payrec.259,urn:cts:phoros:stele1.year:front.5.6
urn:cite:phoros:payrec.260,urn:cts:phoros:stele1.year:front.5.7
urn:cite:phoros:payrec.261,urn:cts:phoros:stele1.year:front.5.8
urn:cite:phoros:payrec.262,urn:cts:phoros:stele1.year:front.5.9
urn:cite:phoros:payrec.263,urn:cts:phoros:stele1.year:front.5.10
urn:cite:phoros:payrec.264,urn:cts:phoros:stele1.year:front.5.11
urn:cite:phoros:payrec.265,urn:cts:phoros:stele1.year:front.5.12
urn:cite:phoros:payrec.266,urn:cts:phoros:stele1.year:front.5.13
urn:cite:phoros:payrec.267,urn:cts:phoros:stele1.year:front.5.14
urn:cite:phoros:payrec.268,urn:cts:phoros:stele1.year:front.5.15
urn:cite:phoros:payrec.269,urn:cts:phoros:stele1.year:front.5.16
urn:cite:phoros:payrec.270,urn:cts:phoros:stele1.year:front.5.17
urn:cite:phoros:payrec.271,urn:cts:phoros:stele1.year:front.5.18
urn:cite:phoros:payrec.272,urn:cts:phoros:stele1.year:front.5.19
urn:cite:phoros:payrec.273,urn:cts:phoros:stele1.year:front.5.20
urn:cite:phoros:payrec.274,urn:cts:phoros:stele1.year:front.5.21
urn:cite:phoros:payrec.275,urn:cts:phoros:stele1.year:front.5.22
urn:cite:phoros:payrec.276,urn:cts:phoros:stele1.year:front.5.23
urn:cite:phoros:payrec.277,urn:cts:phoros:stele1.year:front.5.24
urn:cite:phoros:payrec.278,urn:cts:phoros:stele1.year:front.5.25
urn:cite:phoros:payrec.279,urn:cts:phoros:stele1.year:front.5.26
urn:cite:phoros:payrec.280,urn:cts:phoros:stele1.year:front.5.27
urn:cite:phoros:payrec.281,urn:cts:phoros:stele1.year:front.5.28
urn:cite:phoros:payrec.282,urn:cts:phoros:stele1.year:front.5.29
urn:cite:phoros:payrec.283,urn:cts:phoros:stele1.year:front.5.30
urn:cite:phoros:payrec.284,urn:cts:phoros:stele1.year:
urn:cite:phoros:payrec.285,urn:cts:phoros:stele1.year:front.1.2
urn:cite:phoros:payrec.286,urn:cts:phoros:stele1.year:front.1.3
urn:cite:phoros:payrec.287,urn:cts:phoros:stele1.year:front.1.4
urn:cite:phoros:payrec.288,urn:cts:phoros:stele1.year:front.1.5
urn:cite:phoros:payrec.289,urn:cts:phoros:stele1.year:front.1.6
urn:cite:phoros:payrec.290,urn:cts:phoros:stele1.year:front.1.7
urn:cite:phoros:payrec.291,urn:cts:phoros:stele1.year:front.1.8
urn:cite:phoros:payrec.292,urn:cts:phoros:stele1.year:front.1.9
urn:cite:phoros:payrec.293,urn:cts:phoros:stele1.year:front.1.10
urn:cite:phoros:payrec.294,urn:cts:phoros:stele1.year:front.1.11
urn:cite:phoros:payrec.295,urn:cts:phoros:stele1.year:front.1.12
urn:cite:phoros:payrec.296,urn:cts:phoros:stele1.year:front.1.13
urn:cite:phoros:payrec.297,urn:cts:phoros:stele1.year:front.1.14
urn:cite:phoros:payrec.298,urn:cts:phoros:stele1.year:front.1.15
urn:cite:phoros:payrec.299,urn:cts:phoros:stele1.year:front.1.16
urn:cite:phoros:payrec.300,urn:cts:phoros:stele1.year:front.1.17
urn:cite:phoros:payrec.301,urn:cts:phoros:stele1.year:front.1.18
urn:cite:phoros:payrec.302,urn:cts:phoros:stele1.year:front.1.19
urn:cite:phoros:payrec.303,urn:cts:phoros:stele1.year:front.1.20
urn:cite:phoros:payrec.304,urn:cts:phoros:stele1.year:front.1.21
urn:cite:phoros:payrec.305,urn:cts:phoros:stele1.year:front.1.22
urn:cite:phoros:payrec.306,urn:cts:phoros:stele1.year:front.1.23
urn:cite:phoros:payrec.307,urn:cts:phoros:stele1.year:front.1.24
urn:cite:phoros:payrec.308,urn:cts:phoros:stele1.year:front.1.25
urn:cite:phoros:payrec.309,urn:cts:phoros:stele1.year:front.1.26
urn:cite:phoros:payrec.310,urn:cts:phoros:stele1.year:front.1.27
urn:cite:phoros:payrec.311,urn:cts:phoros:stele1.year:front.1.28
urn:cite:phoros:payrec.312,urn:cts:phoros:stele1.year:front.1.29
urn:cite:phoros:payrec.313,urn:cts:phoros:stele1.year:front.1.30
urn:cite:phoros:payrec.314,urn:cts:phoros:stele1.year:front.1.31
urn:cite:phoros:payrec.315,urn:cts:phoros:stele1.year:front.1.32
urn:cite:phoros:payrec.316,urn:cts:phoros:stele1.year:front.1.33
urn:cite:phoros:payrec.317,urn:cts:phoros:stele1.year:front.2.2
urn:cite:phoros:payrec.318,urn:cts:phoros:stele1.year:front.2.3
urn:cite:phoros:payrec.319,urn:cts:phoros:stele1.year:front.2.4
urn:cite:phoros:payrec.320,urn:cts:phoros:stele1.year:front.2.5
urn:cite:phoros:payrec.321,urn:cts:phoros:stele1.year:front.2.6
urn:cite:phoros:payrec.322,urn:cts:phoros:stele1.year:front.2.7
urn:cite:phoros:payrec.323,urn:cts:phoros:stele1.year:front.2.8
urn:cite:phoros:payrec.324,urn:cts:phoros:stele1.year:front.2.9
urn:cite:phoros:payrec.325,urn:cts:phoros:stele1.year:front.2.10
urn:cite:phoros:payrec.326,urn:cts:phoros:stele1.year:front.2.11
urn:cite:phoros:payrec.327,urn:cts:phoros:stele1.year:front.2.12
urn:cite:phoros:payrec.328,urn:cts:phoros:stele1.year:front.2.13
urn:cite:phoros:payrec.329,urn:cts:phoros:stele1.year:front.2.14
urn:cite:phoros:payrec.330,urn:cts:phoros:stele1.year:front.2.15
urn:cite:phoros:payrec.331,urn:cts:phoros:stele1.year:front.2.16
urn:cite:phoros:payrec.332,urn:cts:phoros:stele1.year:front.2.26
urn:cite:phoros:payrec.333,urn:cts:phoros:stele1.year:front.2.27
urn:cite:phoros:payrec.334,urn:cts:phoros:stele1.year:front.2.28
urn:cite:phoros:payrec.335,urn:cts:phoros:stele1.year:front.2.29
urn:cite:phoros:payrec.336,urn:cts:phoros:stele1.year:front.2.30
urn:cite:phoros:payrec.337,urn:cts:phoros:stele1.year:front.2.31
urn:cite:phoros:payrec.338,urn:cts:phoros:stele1.year:front.2.32
urn:cite:phoros:payrec.339,urn:cts:phoros:stele1.year:front.2.33
urn:cite:phoros:payrec.340,urn:cts:phoros:stele1.year:front.3.21
urn:cite:phoros:payrec.341,urn:cts:phoros:stele1.year:front.3.22
urn:cite:phoros:payrec.342,urn:cts:phoros:stele1.year:front.3.23
urn:cite:phoros:payrec.343,urn:cts:phoros:stele1.year:front.3.24
urn:cite:phoros:payrec.344,urn:cts:phoros:stele1.year:front.3.25
urn:cite:phoros:payrec.345,urn:cts:phoros:stele1.year:front.3.26
urn:cite:phoros:payrec.346,urn:cts:phoros:stele1.year:front.3.27
urn:cite:phoros:payrec.347,urn:cts:phoros:stele1.year:front.3.28
urn:cite:phoros:payrec.348,urn:cts:phoros:stele1.year:front.3.29
urn:cite:phoros:payrec.349,urn:cts:phoros:stele1.year:front.3.30
urn:cite:phoros:payrec.350,urn:cts:phoros:stele1.year:front.4.2
urn:cite:phoros:payrec.351,urn:cts:phoros:stele1.year:front.4.3
urn:cite:phoros:payrec.352,urn:cts:phoros:stele1.year:front.4.4
urn:cite:phoros:payrec.353,urn:cts:phoros:stele1.year:front.4.5
urn:cite:phoros:payrec.354,urn:cts:phoros:stele1.year:front.4.6
urn:cite:phoros:payrec.355,urn:cts:phoros:stele1.year:front.4.7
urn:cite:phoros:payrec.356,urn:cts:phoros:stele1.year:front.4.8
urn:cite:phoros:payrec.357,urn:cts:phoros:stele1.year:front.4.9
urn:cite:phoros:payrec.358,urn:cts:phoros:stele1.year:front.4.10
urn:cite:phoros:payrec.359,urn:cts:phoros:stele1.year:front.4.11
urn:cite:phoros:payrec.360,urn:cts:phoros:stele1.year:front.4.12
urn:cite:phoros:payrec.361,urn:cts:phoros:stele1.year:front.4.13
urn:cite:phoros:payrec.362,urn:cts:phoros:stele1.year:front.4.14
urn:cite:phoros:payrec.363,urn:cts:phoros:stele1.year:front.4.15
urn:cite:phoros:payrec.364,urn:cts:phoros:stele1.year:front.4.16
urn:cite:phoros:payrec.365,urn:cts:phoros:stele1.year:front.4.17
urn:cite:phoros:payrec.366,urn:cts:phoros:stele1.year:front.4.18
urn:cite:phoros:payrec.367,urn:cts:phoros:stele1.year:front.4.19
urn:cite:phoros:payrec.368,urn:cts:phoros:stele1.year:front.4.20
urn:cite:phoros:payrec.369,urn:cts:phoros:stele1.year:front.4.21
urn:cite:phoros:payrec.370,urn:cts:phoros:stele1.year:front.4.22
urn:cite:phoros:payrec.371,urn:cts:phoros:stele1.year:front.4.23
urn:cite:phoros:payrec.372,urn:cts:phoros:stele1.year:front.4.24
urn:cite:phoros:payrec.373,urn:cts:phoros:stele1.year:front.4.25
urn:cite:phoros:payrec.374,urn:cts:phoros:stele1.year:front.4.26
urn:cite:phoros:payrec.375,urn:cts:phoros:stele1.year:front.4.27
urn:cite:phoros:payrec.376,urn:cts:phoros:stele1.year:front.4.28
urn:cite:phoros:payrec.377,urn:cts:phoros:stele1.year:front.4.29
urn:cite:phoros:payrec.378,urn:cts:phoros:stele1.year:front.4.30
urn:cite:phoros:payrec.379,urn:cts:phoros:stele1.year:front.4.31
urn:cite:phoros:payrec.380,urn:cts:phoros:stele1.year:front.4.32
urn:cite:phoros:payrec.381,urn:cts:phoros:stele1.year:front.5.2
urn:cite:phoros:payrec.382,urn:cts:phoros:stele1.year:front.5.3
urn:cite:phoros:payrec.383,urn:cts:phoros:stele1.year:front.5.4
urn:cite:phoros:payrec.384,urn:cts:phoros:stele1.year:front.5.5
urn:cite:phoros:payrec.385,urn:cts:phoros:stele1.year:front.5.6
urn:cite:phoros:payrec.386,urn:cts:phoros:stele1.year:front.5.20
urn:cite:phoros:payrec.387,urn:cts:phoros:stele1.year:front.5.21
urn:cite:phoros:payrec.388,urn:cts:phoros:stele1.year:front.5.22
urn:cite:phoros:payrec.389,urn:cts:phoros:stele1.year:front.5.23
urn:cite:phoros:payrec.390,urn:cts:phoros:stele1.year:front.5.24
urn:cite:phoros:payrec.391,urn:cts:phoros:stele1.year:front.5.25
urn:cite:phoros:payrec.392,urn:cts:phoros:stele1.year:front.5.26
urn:cite:phoros:payrec.393,urn:cts:phoros:stele1.year:front.5.27
urn:cite:phoros:payrec.394,urn:cts:phoros:stele1.year:front.5.28
urn:cite:phoros:payrec.395,urn:cts:phoros:stele1.year:front.5.29
urn:cite:phoros:payrec.396,urn:cts:phoros:stele1.year:front.5.30
urn:cite:phoros:payrec.397,urn:cts:phoros:stele1.year:front.5.31
urn:cite:phoros:payrec.398,urn:cts:phoros:stele1.year:front.5.32
urn:cite:phoros:payrec.399,urn:cts:phoros:stele1.year:
urn:cite:phoros:payrec.400,urn:cts:phoros:stele1.year:front.1.2
urn:cite:phoros:payrec.401,urn:cts:phoros:stele1.year:front.1.3
urn:cite:phoros:payrec.402,urn:cts:phoros:stele1.year:front.1.4
urn:cite:phoros:payrec.403,urn:cts:phoros:stele1.year:front.1.5
urn:cite:phoros:payrec.404,urn:cts:phoros:stele1.year:front.1.6
urn:cite:phoros:payrec.405,urn:cts:phoros:stele1.year:front.1.7
urn:cite:phoros:payrec.406,urn:cts:phoros:stele1.year:front.1.8
urn:cite:phoros:payrec.407,urn:cts:phoros:stele1.year:front.1.9
urn:cite:phoros:payrec.408,urn:cts:phoros:stele1.year:front.1.10
urn:cite:phoros:payrec.409,urn:cts:phoros:stele1.year:front.1.11
urn:cite:phoros:payrec.410,urn:cts:phoros:stele1.year:front.1.12
urn:cite:phoros:payrec.411,urn:cts:phoros:stele1.year:front.1.13
urn:cite:phoros:payrec.412,urn:cts:phoros:stele1.year:front.1.14
urn:cite:phoros:payrec.413,urn:cts:phoros:stele1.year:front.1.15
urn:cite:phoros:payrec.414,urn:cts:phoros:stele1.year:front.2.2
urn:cite:phoros:payrec.415,urn:cts:phoros:stele1.year:front.2.3
urn:cite:phoros:payrec.416,urn:cts:phoros:stele1.year:front.2.4
urn:cite:phoros:payrec.417,urn:cts:phoros:stele1.year:front.2.5
urn:cite:phoros:payrec.418,urn:cts:phoros:stele1.year:front.2.6
urn:cite:phoros:payrec.419,urn:cts:phoros:stele1.year:front.2.7
urn:cite:phoros:payrec.420,urn:cts:phoros:stele1.year:front.2.8
urn:cite:phoros:payrec.421,urn:cts:phoros:stele1.year:front.2.9
urn:cite:phoros:payrec.422,urn:cts:phoros:stele1.year:front.2.10
urn:cite:phoros:payrec.423,urn:cts:phoros:stele1.year:front.2.11
urn:cite:phoros:payrec.424,urn:cts:phoros:stele1.year:front.2.12
urn:cite:phoros:payrec.425,urn:cts:phoros:stele1.year:front.2.13
urn:cite:phoros:payrec.426,urn:cts:phoros:stele1.year:front.2.14
urn:cite:phoros:payrec.427,urn:cts:phoros:stele1.year:front.2.15
urn:cite:phoros:payrec.428,urn:cts:phoros:stele1.year:front.2.16
urn:cite:phoros:payrec.429,urn:cts:phoros:stele1.year:front.2.17
urn:cite:phoros:payrec.430,urn:cts:phoros:stele1.year:front.2.26
urn:cite:phoros:payrec.431,urn:cts:phoros:stele1.year:front.2.27
urn:cite:phoros:payrec.432,urn:cts:phoros:stele1.year:front.2.28
urn:cite:phoros:payrec.433,urn:cts:phoros:stele1.year:front.2.29
urn:cite:phoros:payrec.434,urn:cts:phoros:stele1.year:front.2.30
urn:cite:phoros:payrec.435,urn:cts:phoros:stele1.year:front.2.31
urn:cite:phoros:payrec.436,urn:cts:phoros:stele1.year:front.2.32
urn:cite:phoros:payrec.437,urn:cts:phoros:stele1.year:front.2.33
urn:cite:phoros:payrec.438,urn:cts:phoros:stele1.year:front.2.34
urn:cite:phoros:payrec.439,urn:cts:phoros:stele1.year:front.2.35
urn:cite:phoros:payrec.440,urn:cts:phoros:stele1.year:front.2.36
urn:cite:phoros:payrec.441,urn:cts:phoros:stele1.year:front.2.37
urn:cite:phoros:payrec.442,urn:cts:phoros:stele1.year:front.2.38
urn:cite:phoros:payrec.443,urn:cts:phoros:stele1.year:front.2.39
urn:cite:phoros:payrec.444,urn:cts:phoros:stele1.year:front.2.40
urn:cite:phoros:payrec.445,urn:cts:phoros:stele1.year:front.2.41
urn:cite:phoros:payrec.446,urn:cts:phoros:stele1.year:front.3.7
urn:cite:phoros:payrec.447,urn:cts:phoros:stele1.year:front.3.8
urn:cite:phoros:payrec.448,urn:cts:phoros:stele1.year:front.3.9
urn:cite:phoros:payrec.449,urn:cts:phoros:stele1.year:front.3.10
urn:cite:phoros:payrec.450,urn:cts:phoros:stele1.year:front.3.11
urn:cite:phoros:payrec.451,urn:cts:phoros:stele1.year:front.3.12
urn:cite:phoros:payrec.452,urn:cts:phoros:stele1.year:front.3.13
urn:cite:phoros:payrec.453,urn:cts:phoros:stele1.year:front.3.14
urn:cite:phoros:payrec.454,urn:cts:phoros:stele1.year:front.3.15
urn:cite:phoros:payrec.455,urn:cts:phoros:stele1.year:front.3.16
urn:cite:phoros:payrec.456,urn:cts:phoros:stele1.year:front.3.17
urn:cite:phoros:payrec.457,urn:cts:phoros:stele1.year:front.3.18
urn:cite:phoros:payrec.458,urn:cts:phoros:stele1.year:front.3.19
urn:cite:phoros:payrec.459,urn:cts:phoros:stele1.year:front.3.20
urn:cite:phoros:payrec.460,urn:cts:phoros:stele1.year:front.3.21
urn:cite:phoros:payrec.461,urn:cts:phoros:stele1.year:front.3.22
urn:cite:phoros:payrec.462,urn:cts:phoros:stele1.year:front.3.23
urn:cite:phoros:payrec.463,urn:cts:phoros:stele1.year:front.3.24
urn:cite:phoros:payrec.464,urn:cts:phoros:stele1.year:front.3.25
urn:cite:phoros:payrec.465,urn:cts:phoros:stele1.year:front.3.26
urn:cite:phoros:payrec.466,urn:cts:phoros:stele1.year:front.3.27
urn:cite:phoros:payrec.467,urn:cts:phoros:stele1.year:front.3.28
urn:cite:phoros:payrec.468,urn:cts:phoros:stele1.year:front.3.29
urn:cite:phoros:payrec.469,urn:cts:phoros:stele1.year:front.3.30
urn:cite:phoros:payrec.470,urn:cts:phoros:stele1.year:front.3.31
urn:cite:phoros:payrec.471,urn:cts:phoros:stele1.year:front.3.32
urn:cite:phoros:payrec.472,urn:cts:phoros:stele1.year:front.3.33
urn:cite:phoros:payrec.473,urn:cts:phoros:stele1.year:front.3.34
urn:cite:phoros:payrec.474,urn:cts:phoros:stele1.year:front.3.35
urn:cite:phoros:payrec.475,urn:cts:phoros:stele1.year:front.3.36
urn:cite:phoros:payrec.476,urn:cts:phoros:stele1.year:front.3.37
urn:cite:phoros:payrec.477,urn:cts:phoros:stele1.year:front.3.38
urn:cite:phoros:payrec.478,urn:cts:phoros:stele1.year:front.3.39
urn:cite:phoros:payrec.479,urn:cts:phoros:stele1.year:front.3.40
urn:cite:phoros:payrec.480,urn:cts:phoros:stele1.year:
urn:cite:phoros:payrec.481,urn:cts:phoros:stele1.year:front.1.2
urn:cite:phoros:payrec.482,urn:cts:phoros:stele1.year:front.1.3
urn:cite:phoros:payrec.483,urn:cts:phoros:stele1.year:front.1.4
urn:cite:phoros:payrec.484,urn:cts:phoros:stele1.year:front.1.5
urn:cite:phoros:payrec.485,urn:cts:phoros:stele1.year:front.1.6
urn:cite:phoros:payrec.486,urn:cts:phoros:stele1.year:front.1.7
urn:cite:phoros:payrec.487,urn:cts:phoros:stele1.year:front.1.8
urn:cite:phoros:payrec.488,urn:cts:phoros:stele1.year:front.1.9
urn:cite:phoros:payrec.489,urn:cts:phoros:stele1.year:front.1.10
urn:cite:phoros:payrec.490,urn:cts:phoros:stele1.year:front.1.11
urn:cite:phoros:payrec.491,urn:cts:phoros:stele1.year:front.1.12
urn:cite:phoros:payrec.492,urn:cts:phoros:stele1.year:front.1.13
urn:cite:phoros:payrec.493,urn:cts:phoros:stele1.year:front.1.14
urn:cite:phoros:payrec.494,urn:cts:phoros:stele1.year:front.1.15
urn:cite:phoros:payrec.495,urn:cts:phoros:stele1.year:front.1.16
urn:cite:phoros:payrec.496,urn:cts:phoros:stele1.year:front.1.17
urn:cite:phoros:payrec.497,urn:cts:phoros:stele1.year:front.1.18
urn:cite:phoros:payrec.498,urn:cts:phoros:stele1.year:front.1.19
urn:cite:phoros:payrec.499,urn:cts:phoros:stele1.year:front.1.20
urn:cite:phoros:payrec.500,urn:cts:phoros:stele1.year:front.1.21
urn:cite:phoros:payrec.501,urn:cts:phoros:stele1.year:front.1.22
urn:cite:phoros:payrec.502,urn:cts:phoros:stele1.year:front.1.23
urn:cite:phoros:payrec.503,urn:cts:phoros:stele1.year:front.1.24
urn:cite:phoros:payrec.504,urn:cts:phoros:stele1.year:front.1.25
urn:cite:phoros:payrec.505,urn:cts:phoros:stele1.year:front.1.26
urn:cite:phoros:payrec.506,urn:cts:phoros:stele1.year:front.1.27
urn:cite:phoros:payrec.507,urn:cts:phoros:stele1.year:front.1.28
urn:cite:phoros:payrec.508,urn:cts:phoros:stele1.year:front.1.29
urn:cite:phoros:payrec.509,urn:cts:phoros:stele1.year:front.1.30
urn:cite:phoros:payrec.510,urn:cts:phoros:stele1.year:front.1.31
urn:cite:phoros:payrec.511,urn:cts:phoros:stele1.year:front.1.33
urn:cite:phoros:payrec.512,urn:cts:phoros:stele1.year:front.1.34
urn:cite:phoros:payrec.513,urn:cts:phoros:stele1.year:front.1.35
urn:cite:phoros:payrec.514,urn:cts:phoros:stele1.year:front.1.36
urn:cite:phoros:payrec.515,urn:cts:phoros:stele1.year:front.1.36
urn:cite:phoros:payrec.516,urn:cts:phoros:stele1.year:front.1.37
urn:cite:phoros:payrec.517,urn:cts:phoros:stele1.year:front.2.2
urn:cite:phoros:payrec.518,urn:cts:phoros:stele1.year:front.2.3
urn:cite:phoros:payrec.519,urn:cts:phoros:stele1.year:front.2.4
urn:cite:phoros:payrec.520,urn:cts:phoros:stele1.year:front.2.5
urn:cite:phoros:payrec.521,urn:cts:phoros:stele1.year:front.2.6
urn:cite:phoros:payrec.522,urn:cts:phoros:stele1.year:front.2.7
urn:cite:phoros:payrec.523,urn:cts:phoros:stele1.year:front.2.8
urn:cite:phoros:payrec.524,urn:cts:phoros:stele1.year:front.2.9
urn:cite:phoros:payrec.525,urn:cts:phoros:stele1.year:front.2.10
urn:cite:phoros:payrec.526,urn:cts:phoros:stele1.year:front.2.11
urn:cite:phoros:payrec.527,urn:cts:phoros:stele1.year:front.2.12
urn:cite:phoros:payrec.528,urn:cts:phoros:stele1.year:front.2.13
urn:cite:phoros:payrec.529,urn:cts:phoros:stele1.year:front.2.16
urn:cite:phoros:payrec.530,urn:cts:phoros:stele1.year:front.2.17
urn:cite:phoros:payrec.531,urn:cts:phoros:stele1.year:front.2.18
urn:cite:phoros:payrec.532,urn:cts:phoros:stele1.year:front.2.20
urn:cite:phoros:payrec.533,urn:cts:phoros:stele1.year:front.2.21
urn:cite:phoros:payrec.534,urn:cts:phoros:stele1.year:front.2.22
urn:cite:phoros:payrec.535,urn:cts:phoros:stele1.year:front.2.23
urn:cite:phoros:payrec.536,urn:cts:phoros:stele1.year:front.2.24
urn:cite:phoros:payrec.537,urn:cts:phoros:stele1.year:front.2.25
urn:cite:phoros:payrec.538,urn:cts:phoros:stele1.year:front.2.26
urn:cite:phoros:payrec.539,urn:cts:phoros:stele1.year:front.2.27
urn:cite:phoros:payrec.540,urn:cts:phoros:stele1.year:front.2.28
urn:cite:phoros:payrec.541,urn:cts:phoros:stele1.year:front.2.29
urn:cite:phoros:payrec.542,urn:cts:phoros:stele1.year:front.2.30
urn:cite:phoros:payrec.543,urn:cts:phoros:stele1.year:front.2.31
urn:cite:phoros:payrec.544,urn:cts:phoros:stele1.year:front.2.32
urn:cite:phoros:payrec.545,urn:cts:phoros:stele1.year:front.2.33
urn:cite:phoros:payrec.546,urn:cts:phoros:stele1.year:front.2.34
urn:cite:phoros:payrec.547,urn:cts:phoros:stele1.year:front.2.35
urn:cite:phoros:payrec.548,urn:cts:phoros:stele1.year:front.2.36
urn:cite:phoros:payrec.549,urn:cts:phoros:stele1.year:front.2.37
urn:cite:phoros:payrec.550,urn:cts:phoros:stele1.year:front.2.38
urn:cite:phoros:payrec.551,urn:cts:phoros:stele1.year:front.3.2
urn:cite:phoros:payrec.552,urn:cts:phoros:stele1.year:front.3.3
urn:cite:phoros:payrec.553,urn:cts:phoros:stele1.year:front.3.4
urn:cite:phoros:payrec.554,urn:cts:phoros:stele1.year:front.3.5
urn:cite:phoros:payrec.555,urn:cts:phoros:stele1.year:front.3.6
urn:cite:phoros:payrec.556,urn:cts:phoros:stele1.year:front.3.7
urn:cite:phoros:payrec.557,urn:cts:phoros:stele1.year:front.3.8
urn:cite:phoros:payrec.558,urn:cts:phoros:stele1.year:front.3.9
urn:cite:phoros:payrec.559,urn:cts:phoros:stele1.year:front.3.10
urn:cite:phoros:payrec.560,urn:cts:phoros:stele1.year:front.3.11
urn:cite:phoros:payrec.561,urn:cts:phoros:stele1.year:front.3.12
urn:cite:phoros:payrec.562,urn:cts:phoros:stele1.year:front.3.13
urn:cite:phoros:payrec.563,urn:cts:phoros:stele1.year:front.3.14
urn:cite:phoros:payrec.564,urn:cts:phoros:stele1.year:front.3.15
urn:cite:phoros:payrec.565,urn:cts:phoros:stele1.year:front.3.16
urn:cite:phoros:payrec.566,urn:cts:phoros:stele1.year:front.3.17
urn:cite:phoros:payrec.567,urn:cts:phoros:stele1.year:front.3.18
urn:cite:phoros:payrec.568,urn:cts:phoros:stele1.year:front.3.19
urn:cite:phoros:payrec.569,urn:cts:phoros:stele1.year:front.3.20
urn:cite:phoros:payrec.570,urn:cts:phoros:stele1.year:front.3.21
urn:cite:phoros:payrec.571,urn:cts:phoros:stele1.year:front.3.22
urn:cite:phoros:payrec.572,urn:cts:phoros:stele1.year:front.3.23
urn:cite:phoros:payrec.573,urn:cts:phoros:stele1.year:front.3.24
urn:cite:phoros:payrec.574,urn:cts:phoros:stele1.year:front.3.25
urn:cite:phoros:payrec.575,urn:cts:phoros:stele1.year:front.3.26
urn:cite:phoros:payrec.576,urn:cts:phoros:stele1.year:front.3.27
urn:cite:phoros:payrec.577,urn:cts:phoros:stele1.year:front.3.28
urn:cite:phoros:payrec.578,urn:cts:phoros:stele1.year:front.3.30
urn:cite:phoros:payrec.579,urn:cts:phoros:stele1.year:front.3.31
urn:cite:phoros:payrec.580,urn:cts:phoros:stele1.year:front.3.32
urn:cite:phoros:payrec.581,urn:cts:phoros:stele1.year:front.3.33
urn:cite:phoros:payrec.582,urn:cts:phoros:stele1.year:front.3.34
urn:cite:phoros:payrec.583,urn:cts:phoros:stele1.year:front.3.35
urn:cite:phoros:payrec.584,urn:cts:phoros:stele1.year:front.3.36
urn:cite:phoros:payrec.585,urn:cts:phoros:stele1.year:front.3.37
urn:cite:phoros:payrec.586,urn:cts:phoros:stele1.year:front.3.38
urn:cite:phoros:payrec.587,urn:cts:phoros:stele1.year:front.3.39
urn:cite:phoros:payrec.588,urn:cts:phoros:stele1.year:front.3.40
urn:cite:phoros:payrec.589,urn:cts:phoros:stele1.year:front.3.2
urn:cite:phoros:payrec.590,urn:cts:phoros:stele1.year:front.3.3
urn:cite:phoros:payrec.591,urn:cts:phoros:stele1.year:front.3.4
urn:cite:phoros:payrec.592,urn:cts:phoros:stele1.year:front.3.5
urn:cite:phoros:payrec.593,urn:cts:phoros:stele1.year:front.3.6
urn:cite:phoros:payrec.594,urn:cts:phoros:stele1.year:front.3.7
urn:cite:phoros:payrec.595,urn:cts:phoros:stele1.year:front.3.8
urn:cite:phoros:payrec.596,urn:cts:phoros:stele1.year:front.3.9
urn:cite:phoros:payrec.597,urn:cts:phoros:stele1.year:front.3.10
urn:cite:phoros:payrec.598,urn:cts:phoros:stele1.year:front.3.11
urn:cite:phoros:payrec.599,urn:cts:phoros:stele1.year:front.3.12
urn:cite:phoros:payrec.600,urn:cts:phoros:stele1.year:front.3.13
urn:cite:phoros:payrec.601,urn:cts:phoros:stele1.year:front.3.14
urn:cite:phoros:payrec.602,urn:cts:phoros:stele1.year:front.3.15
urn:cite:phoros:payrec.603,urn:cts:phoros:stele1.year:front.3.16
urn:cite:phoros:payrec.604,urn:cts:phoros:stele1.year:front.3.17
urn:cite:phoros:payrec.605,urn:cts:phoros:stele1.year:front.3.18
urn:cite:phoros:payrec.606,urn:cts:phoros:stele1.year:front.3.19
urn:cite:phoros:payrec.607,urn:cts:phoros:stele1.year:front.3.20
urn:cite:phoros:payrec.608,urn:cts:phoros:stele1.year:front.3.21
urn:cite:phoros:payrec.609,urn:cts:phoros:stele1.year:front.3.22
urn:cite:phoros:payrec.610,urn:cts:phoros:stele1.year:front.3.23
urn:cite:phoros:payrec.611,urn:cts:phoros:stele1.year:front.3.24
urn:cite:phoros:payrec.612,urn:cts:phoros:stele1.year:front.3.25
urn:cite:phoros:payrec.613,urn:cts:phoros:stele1.year:front.3.26
urn:cite:phoros:payrec.614,urn:cts:phoros:stele1.year:front.3.27
urn:cite:phoros:payrec.615,urn:cts:phoros:stele1.year:front.3.28
urn:cite:phoros:payrec.616,urn:cts:phoros:stele1.year:front.3.29
urn:cite:phoros:payrec.617,urn:cts:phoros:stele1.year:front.3.30
urn:cite:phoros:payrec.618,urn:cts:phoros:stele1.year:front.3.31
urn:cite:phoros:payrec.619,urn:cts:phoros:stele1.year:front.3.32
urn:cite:phoros:payrec.620,urn:cts:phoros:stele1.year:front.3.33
urn:cite:phoros:payrec.621,urn:cts:phoros:stele1.year:front.3.34
urn:cite:phoros:payrec.622,urn:cts:phoros:stele1.year:front.3.35
urn:cite:phoros:payrec.623,urn:cts:phoros:stele1.year:front.3.36
urn:cite:phoros:payrec.624,urn:cts:phoros:stele1.year:front.3.37
urn:cite:phoros:payrec.625,urn:cts:phoros:stele1.year:front.3.38
urn:cite:phoros:payrec.626,urn:cts:phoros:stele1.year:
urn:cite:phoros:payrec.627,urn:cts:phoros:stele1.year:right.1.4
urn:cite:phoros:payrec.628,urn:cts:phoros:stele1.year:right.1.5
urn:cite:phoros:payrec.629,urn:cts:phoros:stele1.year:right.1.6
urn:cite:phoros:payrec.630,urn:cts:phoros:stele1.year:right.1.7
urn:cite:phoros:payrec.631,urn:cts:phoros:stele1.year:right.1.8
urn:cite:phoros:payrec.632,urn:cts:phoros:stele1.year:right.1.9
urn:cite:phoros:payrec.633,urn:cts:phoros:stele1.year:right.1.10
urn:cite:phoros:payrec.634,urn:cts:phoros:stele1.year:right.1.11
urn:cite:phoros:payrec.635,urn:cts:phoros:stele1.year:right.1.12
urn:cite:phoros:payrec.636,urn:cts:phoros:stele1.year:right.1.13
urn:cite:phoros:payrec.637,urn:cts:phoros:stele1.year:right.1.14
urn:cite:phoros:payrec.638,urn:cts:phoros:stele1.year:right.1.15
urn:cite:phoros:payrec.639,urn:cts:phoros:stele1.year:right.1.16
urn:cite:phoros:payrec.640,urn:cts:phoros:stele1.year:right.1.17
urn:cite:phoros:payrec.641,urn:cts:phoros:stele1.year:right.1.18
urn:cite:phoros:payrec.642,urn:cts:phoros:stele1.year:right.1.19
urn:cite:phoros:payrec.643,urn:cts:phoros:stele1.year:right.1.20
urn:cite:phoros:payrec.644,urn:cts:phoros:stele1.year:right.1.21
urn:cite:phoros:payrec.645,urn:cts:phoros:stele1.year:right.1.22
urn:cite:phoros:payrec.646,urn:cts:phoros:stele1.year:right.1.23
urn:cite:phoros:payrec.647,urn:cts:phoros:stele1.year:right.1.24
urn:cite:phoros:payrec.648,urn:cts:phoros:stele1.year:right.1.25
urn:cite:phoros:payrec.649,urn:cts:phoros:stele1.year:right.1.26
urn:cite:phoros:payrec.650,urn:cts:phoros:stele1.year:right.1.27
urn:cite:phoros:payrec.651,urn:cts:phoros:stele1.year:right.1.28
urn:cite:phoros:payrec.652,urn:cts:phoros:stele1.year:right.1.29
urn:cite:phoros:payrec.653,urn:cts:phoros:stele1.year:right.1.30
urn:cite:phoros:payrec.654,urn:cts:phoros:stele1.year:right.1.31
urn:cite:phoros:payrec.655,urn:cts:phoros:stele1.year:right.1.32
urn:cite:phoros:payrec.656,urn:cts:phoros:stele1.year:right.1.33
urn:cite:phoros:payrec.657,urn:cts:phoros:stele1.year:right.1.35
urn:cite:phoros:payrec.658,urn:cts:phoros:stele1.year:right.1.36
urn:cite:phoros:payrec.659,urn:cts:phoros:stele1.year:right.1.37
urn:cite:phoros:payrec.660,urn:cts:phoros:stele1.year:right.1.38
urn:cite:phoros:payrec.661,urn:cts:phoros:stele1.year:right.1.39
urn:cite:phoros:payrec.662,urn:cts:phoros:stele1.year:right.1.40
urn:cite:phoros:payrec.663,urn:cts:phoros:stele1.year:right.1.41
urn:cite:phoros:payrec.664,urn:cts:phoros:stele1.year:right.1.42
urn:cite:phoros:payrec.665,urn:cts:phoros:stele1.year:right.1.43
urn:cite:phoros:payrec.666,urn:cts:phoros:stele1.year:right.1.44
urn:cite:phoros:payrec.667,urn:cts:phoros:stele1.year:right.1.45
urn:cite:phoros:payrec.668,urn:cts:phoros:stele1.year:right.1.46
urn:cite:phoros:payrec.669,urn:cts:phoros:stele1.year:right.1.47
urn:cite:phoros:payrec.670,urn:cts:phoros:stele1.year:right.1.48
urn:cite:phoros:payrec.671,urn:cts:phoros:stele1.year:right.1.49
urn:cite:phoros:payrec.672,urn:cts:phoros:stele1.year:right.1.50
urn:cite:phoros:payrec.673,urn:cts:phoros:stele1.year:right.1.51
urn:cite:phoros:payrec.674,urn:cts:phoros:stele1.year:right.1.52
urn:cite:phoros:payrec.675,urn:cts:phoros:stele1.year:right.1.53
urn:cite:phoros:payrec.676,urn:cts:phoros:stele1.year:right.1.54
urn:cite:phoros:payrec.677,urn:cts:phoros:stele1.year:right.1.55
urn:cite:phoros:payrec.678,urn:cts:phoros:stele1.year:right.1.56
urn:cite:phoros:payrec.679,urn:cts:phoros:stele1.year:right.1.57
urn:cite:phoros:payrec.680,urn:cts:phoros:stele1.year:right.1.58
urn:cite:phoros:payrec.681,urn:cts:phoros:stele1.year:right.1.59
urn:cite:phoros:payrec.682,urn:cts:phoros:stele1.year:right.1.60
urn:cite:phoros:payrec.683,urn:cts:phoros:stele1.year:right.1.61
urn:cite:phoros:payrec.684,urn:cts:phoros:stele1.year:right.1.62
urn:cite:phoros:payrec.685,urn:cts:phoros:stele1.year:right.1.63
urn:cite:phoros:payrec.686,urn:cts:phoros:stele1.year:right.1.64
urn:cite:phoros:payrec.687,urn:cts:phoros:stele1.year:right.1.65
urn:cite:phoros:payrec.688,urn:cts:phoros:stele1.year:right.1.66
urn:cite:phoros:payrec.689,urn:cts:phoros:stele1.year:right.1.67
urn:cite:phoros:payrec.690,urn:cts:phoros:stele1.year:right.1.68
urn:cite:phoros:payrec.691,urn:cts:phoros:stele1.year:right.1.69
urn:cite:phoros:payrec.692,urn:cts:phoros:stele1.year:right.1.70
urn:cite:phoros:payrec.693,urn:cts:phoros:stele1.year:right.1.71
urn:cite:phoros:payrec.694,urn:cts:phoros:stele1.year:right.1.72
urn:cite:phoros:payrec.695,urn:cts:phoros:stele1.year:right.1.73
urn:cite:phoros:payrec.696,urn:cts:phoros:stele1.year:right.1.74
urn:cite:phoros:payrec.697,urn:cts:phoros:stele1.year:right.1.75
urn:cite:phoros:payrec.698,urn:cts:phoros:stele1.year:right.1.76
urn:cite:phoros:payrec.699,urn:cts:phoros:stele1.year:right.1.77
urn:cite:phoros:payrec.700,urn:cts:phoros:stele1.year:right.1.78
urn:cite:phoros:payrec.701,urn:cts:phoros:stele1.year:right.1.79
urn:cite:phoros:payrec.702,urn:cts:phoros:stele1.year:right.1.80
urn:cite:phoros:payrec.703,urn:cts:phoros:stele1.year:right.1.81
urn:cite:phoros:payrec.704,urn:cts:phoros:stele1.year:right.1.82
urn:cite:phoros:payrec.705,urn:cts:phoros:stele1.year:right.1.83
urn:cite:phoros:payrec.706,urn:cts:phoros:stele1.year:right.1.84
urn:cite:phoros:payrec.707,urn:cts:phoros:stele1.year:right.1.85
urn:cite:phoros:payrec.708,urn:cts:phoros:stele1.year:right.1.86
urn:cite:phoros:payrec.709,urn:cts:phoros:stele1.year:right.1.88
urn:cite:phoros:payrec.710,urn:cts:phoros:stele1.year:right.1.89
urn:cite:phoros:payrec.711,urn:cts:phoros:stele1.year:right.1.90
urn:cite:phoros:payrec.712,urn:cts:phoros:stele1.year:right.1.91
urn:cite:phoros:payrec.713,urn:cts:phoros:stele1.year:right.1.92
urn:cite:phoros:payrec.714,urn:cts:phoros:stele1.year:right.1.93
urn:cite:phoros:payrec.715,urn:cts:phoros:stele1.year:right.1.94
urn:cite:phoros:payrec.716,urn:cts:phoros:stele1.year:right.1.95
urn:cite:phoros:payrec.717,urn:cts:phoros:stele1.year:right.1.96
urn:cite:phoros:payrec.718,urn:cts:phoros:stele1.year:right.1.97
urn:cite:phoros:payrec.719,urn:cts:phoros:stele1.year:right.1.98
urn:cite:phoros:payrec.720,urn:cts:phoros:stele1.year:right.1.99
urn:cite:phoros:payrec.721,urn:cts:phoros:stele1.year:right.1.100
urn:cite:phoros:payrec.722,urn:cts:phoros:stele1.year:right.1.101
urn:cite:phoros:payrec.723,urn:cts:phoros:stele1.year:right.1.102
urn:cite:phoros:payrec.724,urn:cts:phoros:stele1.year:right.1.103
urn:cite:phoros:payrec.725,urn:cts:phoros:stele1.year:right.1.104
urn:cite:phoros:payrec.726,urn:cts:phoros:stele1.year:right.1.105
urn:cite:phoros:payrec.727,urn:cts:phoros:stele1.year:right.1.106
urn:cite:phoros:payrec.728,urn:cts:phoros:stele1.year:right.1.107
urn:cite:phoros:payrec.729,urn:cts:phoros:stele1.year:right.1.108
urn:cite:phoros:payrec.730,urn:cts:phoros:stele1.year:right.1.109
urn:cite:phoros:payrec.731,urn:cts:phoros:stele1.year:right.1.110
urn:cite:phoros:payrec.732,urn:cts:phoros:stele1.year:right.1.111
urn:cite:phoros:payrec.733,urn:cts:phoros:stele1.year:right.1.112
urn:cite:phoros:payrec.734,urn:cts:phoros:stele1.year:right.1.113
urn:cite:phoros:payrec.735,urn:cts:phoros:stele1.year:right.2.6
urn:cite:phoros:payrec.736,urn:cts:phoros:stele1.year:right.2.7
urn:cite:phoros:payrec.737,urn:cts:phoros:stele1.year:right.2.8
urn:cite:phoros:payrec.738,urn:cts:phoros:stele1.year:right.2.9
urn:cite:phoros:payrec.739,urn:cts:phoros:stele1.year:right.2.10
urn:cite:phoros:payrec.740,urn:cts:phoros:stele1.year:right.2.11
urn:cite:phoros:payrec.741,urn:cts:phoros:stele1.year:right.2.12
urn:cite:phoros:payrec.742,urn:cts:phoros:stele1.year:right.2.13
urn:cite:phoros:payrec.743,urn:cts:phoros:stele1.year:right.2.14
urn:cite:phoros:payrec.744,urn:cts:phoros:stele1.year:right.2.15
urn:cite:phoros:payrec.745,urn:cts:phoros:stele1.year:right.2.16
urn:cite:phoros:payrec.746,urn:cts:phoros:stele1.year:right.2.17
urn:cite:phoros:payrec.747,urn:cts:phoros:stele1.year:right.2.18
urn:cite:phoros:payrec.748,urn:cts:phoros:stele1.year:right.2.19
urn:cite:phoros:payrec.749,urn:cts:phoros:stele1.year:right.2.20
urn:cite:phoros:payrec.750,urn:cts:phoros:stele1.year:right.2.21
urn:cite:phoros:payrec.751,urn:cts:phoros:stele1.year:right.2.22
urn:cite:phoros:payrec.752,urn:cts:phoros:stele1.year:right.2.23
urn:cite:phoros:payrec.753,urn:cts:phoros:stele1.year:right.2.24
urn:cite:phoros:payrec.754,urn:cts:phoros:stele1.year:right.2.25
urn:cite:phoros:payrec.755,urn:cts:phoros:stele1.year:right.2.26
urn:cite:phoros:payrec.756,urn:cts:phoros:stele1.year:right.2.27
urn:cite:phoros:payrec.757,urn:cts:phoros:stele1.year:right.2.28
urn:cite:phoros:payrec.758,urn:cts:phoros:stele1.year:right.2.29
urn:cite:phoros:payrec.759,urn:cts:phoros:stele1.year:right.2.30
urn:cite:phoros:payrec.760,urn:cts:phoros:stele1.year:right.2.31
urn:cite:phoros:payrec.761,urn:cts:phoros:stele1.year:right.2.32
urn:cite:phoros:payrec.762,urn:cts:phoros:stele1.year:right.2.33
urn:cite:phoros:payrec.763,urn:cts:phoros:stele1.year:right.2.34
urn:cite:phoros:payrec.764,urn:cts:phoros:stele1.year:right.2.35
urn:cite:phoros:payrec.765,urn:cts:phoros:stele1.year:right.2.36
urn:cite:phoros:payrec.766,urn:cts:phoros:stele1.year:right.2.37
urn:cite:phoros:payrec.767,urn:cts:phoros:stele1.year:right.2.38
urn:cite:phoros:payrec.768,urn:cts:phoros:stele1.year:right.2.39
urn:cite:phoros:payrec.769,urn:cts:phoros:stele1.year:right.2.40
urn:cite:phoros:payrec.770,urn:cts:phoros:stele1.year:right.2.41
urn:cite:phoros:payrec.771,urn:cts:phoros:stele1.year:right.2.42
urn:cite:phoros:payrec.772,urn:cts:phoros:stele1.year:right.2.43
urn:cite:phoros:payrec.773,urn:cts:phoros:stele1.year:right.2.44
urn:cite:phoros:payrec.774,urn:cts:phoros:stele1.year:right.2.45
urn:cite:phoros:payrec.775,urn:cts:phoros:stele1.year:right.2.46
urn:cite:phoros:payrec.776,urn:cts:phoros:stele1.year:right.2.47
urn:cite:phoros:payrec.777,urn:cts:phoros:stele1.year:right.2.48
urn:cite:phoros:payrec.778,urn:cts:phoros:stele1.year:right.2.49
urn:cite:phoros:payrec.779,urn:cts:phoros:stele1.year:right.2.50
urn:cite:phoros:payrec.780,urn:cts:phoros:stele1.year:right.2.51
urn:cite:phoros:payrec.781,urn:cts:phoros:stele1.year:right.2.52
urn:cite:phoros:payrec.782,urn:cts:phoros:stele1.year:right.2.53
urn:cite:phoros:payrec.783,urn:cts:phoros:stele1.year:right.2.54
urn:cite:phoros:payrec.784,urn:cts:phoros:stele1.year:right.2.55
urn:cite:phoros:payrec.785,urn:cts:phoros:stele1.year:right.2.56
urn:cite:phoros:payrec.786,urn:cts:phoros:stele1.year:right.2.57
urn:cite:phoros:payrec.787,urn:cts:phoros:stele1.year:right.2.58
urn:cite:phoros:payrec.788,urn:cts:phoros:stele1.year:right.2.59
urn:cite:phoros:payrec.789,urn:cts:phoros:stele1.year:right.2.61
urn:cite:phoros:payrec.790,urn:cts:phoros:stele1.year:right.2.62
urn:cite:phoros:payrec.791,urn:cts:phoros:stele1.year:right.2.63
urn:cite:phoros:payrec.792,urn:cts:phoros:stele1.year:right.2.64
urn:cite:phoros:payrec.793,urn:cts:phoros:stele1.year:right.2.65
urn:cite:phoros:payrec.794,urn:cts:phoros:stele1.year:right.2.66
urn:cite:phoros:payrec.795,urn:cts:phoros:stele1.year:right.2.67
urn:cite:phoros:payrec.796,urn:cts:phoros:stele1.year:right.2.68
urn:cite:phoros:payrec.797,urn:cts:phoros:stele1.year:right.2.69
urn:cite:phoros:payrec.798,urn:cts:phoros:stele1.year:right.2.70
urn:cite:phoros:payrec.799,urn:cts:phoros:stele1.year:right.2.71
urn:cite:phoros:payrec.800,urn:cts:phoros:stele1.year:right.2.72
urn:cite:phoros:payrec.801,urn:cts:phoros:stele1.year:right.2.73
urn:cite:phoros:payrec.802,urn:cts:phoros:stele1.year:right.2.74
urn:cite:phoros:payrec.803,urn:cts:phoros:stele1.year:right.2.75
urn:cite:phoros:payrec.804,urn:cts:phoros:stele1.year:right.2.76
urn:cite:phoros:payrec.805,urn:cts:phoros:stele1.year:right.2.100
urn:cite:phoros:payrec.806,urn:cts:phoros:stele1.year:right.2.101
urn:cite:phoros:payrec.807,urn:cts:phoros:stele1.year:right.2.102
urn:cite:phoros:payrec.808,urn:cts:phoros:stele1.year:right.2.103
urn:cite:phoros:payrec.809,urn:cts:phoros:stele1.year:right.2.104
urn:cite:phoros:payrec.810,urn:cts:phoros:stele1.year:right.2.105
urn:cite:phoros:payrec.811,urn:cts:phoros:stele1.year:right.2.106
urn:cite:phoros:payrec.812,urn:cts:phoros:stele1.year:right.2.107
urn:cite:phoros:payrec.813,urn:cts:phoros:stele1.year:right.2.108
urn:cite:phoros:payrec.814,urn:cts:phoros:stele1.year:right.2.109
urn:cite:phoros:payrec.815,urn:cts:phoros:stele1.year:right.2.110
urn:cite:phoros:payrec.816,urn:cts:phoros:stele1.year:right.2.111
urn:cite:phoros:payrec.817,urn:cts:phoros:stele1.year:right.2.112
