urn:cts:phoros:stele1.year1:front.1.1,urn:cite:phoros:stones.atl1
urn:cts:phoros:stele1.year1:front.1.14,urn:cite:phoros:stones.atl1
urn:cts:phoros:stele1.year1:front.1.15,urn:cite:phoros:stones.atl1
urn:cts:phoros:stele1.year1:front.1.16,urn:cite:phoros:stones.atl1
urn:cts:phoros:stele1.year1:front.1.17,urn:cite:phoros:stones.atl1
urn:cts:phoros:stele1.year1:front.1.18,urn:cite:phoros:stones.atl1
urn:cts:phoros:stele1.year1:front.1.19,urn:cite:phoros:stones.atl1
urn:cts:phoros:stele1.year1:front.1.20,urn:cite:phoros:stones.atl1
urn:cts:phoros:stele1.year1:front.1.21,urn:cite:phoros:stones.atl1
urn:cts:phoros:stele1.year1:front.1.22,urn:cite:phoros:stones.atl1
urn:cts:phoros:stele1.year1:front.1.23,urn:cite:phoros:stones.atl1
urn:cts:phoros:stele1.year1:front.1.24,urn:cite:phoros:stones.atl1
urn:cts:phoros:stele1.year1:front.1.25,urn:cite:phoros:stones.atl1
urn:cts:phoros:stele1.year1:front.1.26,urn:cite:phoros:stones.atl1
urn:cts:phoros:stele1.year1:front.1.27,urn:cite:phoros:stones.atl1
urn:cts:phoros:stele1.year1:front.1.28,urn:cite:phoros:stones.atl1
urn:cts:phoros:stele1.year1:front.2.10,urn:cite:phoros:stones.atl1
urn:cts:phoros:stele1.year1:front.2.11,urn:cite:phoros:stones.atl1
urn:cts:phoros:stele1.year1:front.2.12,urn:cite:phoros:stones.atl1
urn:cts:phoros:stele1.year1:front.2.13,urn:cite:phoros:stones.atl1
urn:cts:phoros:stele1.year1:front.2.14,urn:cite:phoros:stones.atl1
urn:cts:phoros:stele1.year1:front.2.15,urn:cite:phoros:stones.atl1
urn:cts:phoros:stele1.year1:front.2.16,urn:cite:phoros:stones.atl1
urn:cts:phoros:stele1.year1:front.2.17,urn:cite:phoros:stones.atl1
urn:cts:phoros:stele1.year1:front.2.18,urn:cite:phoros:stones.atl1
urn:cts:phoros:stele1.year1:front.2.19,urn:cite:phoros:stones.atl1
urn:cts:phoros:stele1.year1:front.2.25,urn:cite:phoros:stones.atl6
urn:cts:phoros:stele1.year1:front.2.26,urn:cite:phoros:stones.atl6
urn:cts:phoros:stele1.year1:front.2.27,urn:cite:phoros:stones.atl6
urn:cts:phoros:stele1.year1:front.2.28,urn:cite:phoros:stones.atl6
urn:cts:phoros:stele1.year1:front.2.29,urn:cite:phoros:stones.atl6
urn:cts:phoros:stele1.year1:front.2.7,urn:cite:phoros:stones.atl1
urn:cts:phoros:stele1.year1:front.2.8,urn:cite:phoros:stones.atl1
urn:cts:phoros:stele1.year1:front.2.9,urn:cite:phoros:stones.atl1
urn:cts:phoros:stele1.year1:front.3.12,urn:cite:phoros:stones.atl2
urn:cts:phoros:stele1.year1:front.3.13,urn:cite:phoros:stones.atl2
urn:cts:phoros:stele1.year1:front.3.14,urn:cite:phoros:stones.atl2
urn:cts:phoros:stele1.year1:front.3.15,urn:cite:phoros:stones.atl2
urn:cts:phoros:stele1.year1:front.3.16,urn:cite:phoros:stones.atl2
urn:cts:phoros:stele1.year1:front.3.17,urn:cite:phoros:stones.atl2
urn:cts:phoros:stele1.year1:front.3.20,urn:cite:phoros:stones.atl6
urn:cts:phoros:stele1.year1:front.3.21,urn:cite:phoros:stones.atl6
urn:cts:phoros:stele1.year1:front.3.22,urn:cite:phoros:stones.atl6
urn:cts:phoros:stele1.year1:front.3.23,urn:cite:phoros:stones.atl6
urn:cts:phoros:stele1.year1:front.3.24,urn:cite:phoros:stones.atl6
urn:cts:phoros:stele1.year1:front.3.25,urn:cite:phoros:stones.atl6
urn:cts:phoros:stele1.year1:front.3.26,urn:cite:phoros:stones.atl6
urn:cts:phoros:stele1.year1:front.3.27,urn:cite:phoros:stones.atl6
urn:cts:phoros:stele1.year1:front.3.28,urn:cite:phoros:stones.atl6
urn:cts:phoros:stele1.year1:front.3.29,urn:cite:phoros:stones.atl6
urn:cts:phoros:stele1.year1:front.4.10,urn:cite:phoros:stones.atl3
urn:cts:phoros:stele1.year1:front.4.11,urn:cite:phoros:stones.atl3
urn:cts:phoros:stele1.year1:front.4.12,urn:cite:phoros:stones.atl3
urn:cts:phoros:stele1.year1:front.4.13,urn:cite:phoros:stones.atl3
urn:cts:phoros:stele1.year1:front.4.14,urn:cite:phoros:stones.atl3
urn:cts:phoros:stele1.year1:front.4.15,urn:cite:phoros:stones.atl3
urn:cts:phoros:stele1.year1:front.4.16,urn:cite:phoros:stones.atl3
urn:cts:phoros:stele1.year1:front.4.17,urn:cite:phoros:stones.atl3
urn:cts:phoros:stele1.year1:front.4.18,urn:cite:phoros:stones.atl3
urn:cts:phoros:stele1.year1:front.4.19,urn:cite:phoros:stones.atl3
urn:cts:phoros:stele1.year1:front.4.19,urn:cite:phoros:stones.atl6
urn:cts:phoros:stele1.year1:front.4.20,urn:cite:phoros:stones.atl6
urn:cts:phoros:stele1.year1:front.4.21,urn:cite:phoros:stones.atl6
urn:cts:phoros:stele1.year1:front.4.22,urn:cite:phoros:stones.atl6
urn:cts:phoros:stele1.year1:front.4.23,urn:cite:phoros:stones.atl6
urn:cts:phoros:stele1.year1:front.4.24,urn:cite:phoros:stones.atl6
urn:cts:phoros:stele1.year1:front.4.25,urn:cite:phoros:stones.atl6
urn:cts:phoros:stele1.year1:front.4.26,urn:cite:phoros:stones.atl6
urn:cts:phoros:stele1.year1:front.4.27,urn:cite:phoros:stones.atl6
urn:cts:phoros:stele1.year1:front.4.28,urn:cite:phoros:stones.atl6
urn:cts:phoros:stele1.year1:front.4.29,urn:cite:phoros:stones.atl6
urn:cts:phoros:stele1.year1:front.4.5,urn:cite:phoros:stones.atl3
urn:cts:phoros:stele1.year1:front.4.6,urn:cite:phoros:stones.atl3
urn:cts:phoros:stele1.year1:front.4.7,urn:cite:phoros:stones.atl3
urn:cts:phoros:stele1.year1:front.4.8,urn:cite:phoros:stones.atl3
urn:cts:phoros:stele1.year1:front.4.9,urn:cite:phoros:stones.atl3
urn:cts:phoros:stele1.year1:front.5.10,urn:cite:phoros:stones.atl3
urn:cts:phoros:stele1.year1:front.5.10,urn:cite:phoros:stones.atl4
urn:cts:phoros:stele1.year1:front.5.11,urn:cite:phoros:stones.atl3
urn:cts:phoros:stele1.year1:front.5.11,urn:cite:phoros:stones.atl4
urn:cts:phoros:stele1.year1:front.5.12,urn:cite:phoros:stones.atl3
urn:cts:phoros:stele1.year1:front.5.12,urn:cite:phoros:stones.atl4
urn:cts:phoros:stele1.year1:front.5.13,urn:cite:phoros:stones.atl3
urn:cts:phoros:stele1.year1:front.5.13,urn:cite:phoros:stones.atl4
urn:cts:phoros:stele1.year1:front.5.14,urn:cite:phoros:stones.atl3
urn:cts:phoros:stele1.year1:front.5.15,urn:cite:phoros:stones.atl3
urn:cts:phoros:stele1.year1:front.5.16,urn:cite:phoros:stones.atl3
urn:cts:phoros:stele1.year1:front.5.17,urn:cite:phoros:stones.atl3
urn:cts:phoros:stele1.year1:front.5.18,urn:cite:phoros:stones.atl3
urn:cts:phoros:stele1.year1:front.5.19,urn:cite:phoros:stones.atl3
urn:cts:phoros:stele1.year1:front.5.20,urn:cite:phoros:stones.atl3
urn:cts:phoros:stele1.year1:front.5.21,urn:cite:phoros:stones.atl3
urn:cts:phoros:stele1.year1:front.5.5,urn:cite:phoros:stones.atl3
urn:cts:phoros:stele1.year1:front.5.5,urn:cite:phoros:stones.atl4
urn:cts:phoros:stele1.year1:front.5.6,urn:cite:phoros:stones.atl3
urn:cts:phoros:stele1.year1:front.5.6,urn:cite:phoros:stones.atl4
urn:cts:phoros:stele1.year1:front.5.7,urn:cite:phoros:stones.atl3
urn:cts:phoros:stele1.year1:front.5.7,urn:cite:phoros:stones.atl4
urn:cts:phoros:stele1.year1:front.5.8,urn:cite:phoros:stones.atl3
urn:cts:phoros:stele1.year1:front.5.8,urn:cite:phoros:stones.atl4
urn:cts:phoros:stele1.year1:front.5.9,urn:cite:phoros:stones.atl3
urn:cts:phoros:stele1.year1:front.5.9,urn:cite:phoros:stones.atl4
urn:cts:phoros:stele1.year1:front.6.10,urn:cite:phoros:stones.atl4
urn:cts:phoros:stele1.year1:front.6.11,urn:cite:phoros:stones.atl4
urn:cts:phoros:stele1.year1:front.6.12,urn:cite:phoros:stones.atl4
urn:cts:phoros:stele1.year1:front.6.13,urn:cite:phoros:stones.atl4
urn:cts:phoros:stele1.year1:front.6.14,urn:cite:phoros:stones.atl4
urn:cts:phoros:stele1.year1:front.6.15,urn:cite:phoros:stones.atl4
urn:cts:phoros:stele1.year1:front.6.16,urn:cite:phoros:stones.atl4
urn:cts:phoros:stele1.year1:front.6.17,urn:cite:phoros:stones.atl4
urn:cts:phoros:stele1.year1:front.6.18,urn:cite:phoros:stones.atl4
urn:cts:phoros:stele1.year1:front.6.19,urn:cite:phoros:stones.atl4
urn:cts:phoros:stele1.year1:front.6.20,urn:cite:phoros:stones.atl4
urn:cts:phoros:stele1.year1:front.6.21,urn:cite:phoros:stones.atl4
urn:cts:phoros:stele1.year1:front.6.22,urn:cite:phoros:stones.atl4
urn:cts:phoros:stele1.year1:front.6.5,urn:cite:phoros:stones.atl4
urn:cts:phoros:stele1.year1:front.6.6,urn:cite:phoros:stones.atl4
urn:cts:phoros:stele1.year1:front.6.7,urn:cite:phoros:stones.atl4
urn:cts:phoros:stele1.year1:front.6.9,urn:cite:phoros:stones.atl4
urn:cts:phoros:stele1.year1:front.header.1,urn:cite:phoros:stones.atl1
urn:cts:phoros:stele1.year1:front.header.1,urn:cite:phoros:stones.atl3
urn:cts:phoros:stele1.year1:front.header.1,urn:cite:phoros:stones.atl4
urn:cts:phoros:stele1.year1:front.header.2,urn:cite:phoros:stones.atl3
urn:cts:phoros:stele1.year1:front.header.2,urn:cite:phoros:stones.atl4
urn:cts:phoros:stele1.year1:front.header.3,urn:cite:phoros:stones.atl3
urn:cts:phoros:stele1.year1:front.header.3,urn:cite:phoros:stones.atl4
urn:cts:phoros:stele1.year1:right.postscript.10,urn:cite:phoros:stones.atl4
urn:cts:phoros:stele1.year1:right.postscript.10,urn:cite:phoros:stones.atl5
urn:cts:phoros:stele1.year1:right.postscript.11,urn:cite:phoros:stones.atl4
urn:cts:phoros:stele1.year1:right.postscript.11,urn:cite:phoros:stones.atl5
urn:cts:phoros:stele1.year1:right.postscript.12,urn:cite:phoros:stones.atl4
urn:cts:phoros:stele1.year1:right.postscript.13,urn:cite:phoros:stones.atl4
urn:cts:phoros:stele1.year1:right.postscript.6,urn:cite:phoros:stones.atl5
urn:cts:phoros:stele1.year1:right.postscript.7,urn:cite:phoros:stones.atl5
urn:cts:phoros:stele1.year1:right.postscript.8,urn:cite:phoros:stones.atl4
urn:cts:phoros:stele1.year1:right.postscript.8,urn:cite:phoros:stones.atl5
urn:cts:phoros:stele1.year1:right.postscript.9,urn:cite:phoros:stones.atl4
urn:cts:phoros:stele1.year1:right.postscript.9,urn:cite:phoros:stones.atl5
urn:cts:phoros:stele1.year2:.1.11,urn:cite:phoros:stones.atl7
urn:cts:phoros:stele1.year2:.1.12,urn:cite:phoros:stones.atl7
urn:cts:phoros:stele1.year2:.1.13,urn:cite:phoros:stones.atl7
urn:cts:phoros:stele1.year2:.1.14,urn:cite:phoros:stones.atl7
urn:cts:phoros:stele1.year2:.1.15,urn:cite:phoros:stones.atl7
urn:cts:phoros:stele1.year2:.1.16,urn:cite:phoros:stones.atl7
urn:cts:phoros:stele1.year2:.1.17,urn:cite:phoros:stones.atl7
urn:cts:phoros:stele1.year2:.1.17,urn:cite:phoros:stones.atl8
urn:cts:phoros:stele1.year2:.1.18,urn:cite:phoros:stones.atl7
urn:cts:phoros:stele1.year2:.1.18,urn:cite:phoros:stones.atl8
urn:cts:phoros:stele1.year2:.2.2,urn:cite:phoros:stones.atl6
urn:cts:phoros:stele1.year2:.2.3,urn:cite:phoros:stones.atl6
urn:cts:phoros:stele1.year2:.3.2,urn:cite:phoros:stones.atl6
urn:cts:phoros:stele1.year2:.3.3,urn:cite:phoros:stones.atl6
urn:cts:phoros:stele1.year2:.4.15,urn:cite:phoros:stones.atl9
urn:cts:phoros:stele1.year2:.4.16,urn:cite:phoros:stones.atl9
urn:cts:phoros:stele1.year2:.4.17,urn:cite:phoros:stones.atl9
urn:cts:phoros:stele1.year2:.4.18,urn:cite:phoros:stones.atl9
urn:cts:phoros:stele1.year2:.5.10,urn:cite:phoros:stones.atl10
urn:cts:phoros:stele1.year2:.5.11,urn:cite:phoros:stones.atl10
urn:cts:phoros:stele1.year2:.5.12,urn:cite:phoros:stones.atl10
urn:cts:phoros:stele1.year2:.5.13,urn:cite:phoros:stones.atl10
urn:cts:phoros:stele1.year2:.5.15,urn:cite:phoros:stones.atl10
urn:cts:phoros:stele1.year2:.5.16,urn:cite:phoros:stones.atl10
urn:cts:phoros:stele1.year2:.5.17,urn:cite:phoros:stones.atl10
urn:cts:phoros:stele1.year2:.5.9,urn:cite:phoros:stones.atl10
urn:cts:phoros:stele1.year2:.6.10,urn:cite:phoros:stones.atl10
urn:cts:phoros:stele1.year2:.6.11,urn:cite:phoros:stones.atl10
urn:cts:phoros:stele1.year2:.6.12,urn:cite:phoros:stones.atl10
urn:cts:phoros:stele1.year2:.6.13,urn:cite:phoros:stones.atl10
urn:cts:phoros:stele1.year2:.6.14,urn:cite:phoros:stones.atl10
urn:cts:phoros:stele1.year2:.6.15,urn:cite:phoros:stones.atl10
urn:cts:phoros:stele1.year2:.6.16,urn:cite:phoros:stones.atl10
urn:cts:phoros:stele1.year2:.6.17,urn:cite:phoros:stones.atl10
urn:cts:phoros:stele1.year2:.6.18,urn:cite:phoros:stones.atl10
urn:cts:phoros:stele1.year2:.6.8,urn:cite:phoros:stones.atl10
urn:cts:phoros:stele1.year2:.6.9,urn:cite:phoros:stones.atl10
urn:cts:phoros:stele1.year2:.7.13,urn:cite:phoros:stones.atl10
urn:cts:phoros:stele1.year2:.7.14,urn:cite:phoros:stones.atl10
urn:cts:phoros:stele1.year2:.7.15,urn:cite:phoros:stones.atl10
urn:cts:phoros:stele1.year2:.7.16,urn:cite:phoros:stones.atl10
urn:cts:phoros:stele1.year2:.7.17,urn:cite:phoros:stones.atl10
urn:cts:phoros:stele1.year2:.7.18,urn:cite:phoros:stones.atl10
urn:cts:phoros:stele1.year2:front.front.1,urn:cite:phoros:stones.atl6
urn:cts:phoros:stele1.year2:right.10.10,urn:cite:phoros:stones.atl11
urn:cts:phoros:stele1.year2:right.10.11,urn:cite:phoros:stones.atl11
urn:cts:phoros:stele1.year2:right.10.2,urn:cite:phoros:stones.atl11
urn:cts:phoros:stele1.year2:right.10.3,urn:cite:phoros:stones.atl11
urn:cts:phoros:stele1.year2:right.10.4,urn:cite:phoros:stones.atl11
urn:cts:phoros:stele1.year2:right.10.5,urn:cite:phoros:stones.atl11
urn:cts:phoros:stele1.year2:right.10.6,urn:cite:phoros:stones.atl11
urn:cts:phoros:stele1.year2:right.10.7,urn:cite:phoros:stones.atl11
urn:cts:phoros:stele1.year2:right.10.8,urn:cite:phoros:stones.atl11
urn:cts:phoros:stele1.year2:right.10.9,urn:cite:phoros:stones.atl11
urn:cts:phoros:stele1.year2:right.8.13,urn:cite:phoros:stones.atl10
urn:cts:phoros:stele1.year2:right.8.14,urn:cite:phoros:stones.atl10
urn:cts:phoros:stele1.year2:right.8.15,urn:cite:phoros:stones.atl10
urn:cts:phoros:stele1.year2:right.8.16,urn:cite:phoros:stones.atl10
urn:cts:phoros:stele1.year2:right.8.17,urn:cite:phoros:stones.atl10
urn:cts:phoros:stele1.year2:right.8.18,urn:cite:phoros:stones.atl10
urn:cts:phoros:stele1.year2:right.9.10,urn:cite:phoros:stones.atl11
urn:cts:phoros:stele1.year2:right.9.2,urn:cite:phoros:stones.atl11
urn:cts:phoros:stele1.year2:right.9.3,urn:cite:phoros:stones.atl11
urn:cts:phoros:stele1.year2:right.9.4,urn:cite:phoros:stones.atl11
urn:cts:phoros:stele1.year2:right.9.5,urn:cite:phoros:stones.atl11
urn:cts:phoros:stele1.year2:right.9.6,urn:cite:phoros:stones.atl11
urn:cts:phoros:stele1.year2:right.9.7,urn:cite:phoros:stones.atl11
urn:cts:phoros:stele1.year2:right.9.8,urn:cite:phoros:stones.atl11
urn:cts:phoros:stele1.year2:right.9.9,urn:cite:phoros:stones.atl11
urn:cts:phoros:stele1.year3:front.1.10,urn:cite:phoros:stones.atl8
urn:cts:phoros:stele1.year3:front.1.11,urn:cite:phoros:stones.atl8
urn:cts:phoros:stele1.year3:front.1.12,urn:cite:phoros:stones.atl8
urn:cts:phoros:stele1.year3:front.1.13,urn:cite:phoros:stones.atl8
urn:cts:phoros:stele1.year3:front.1.14,urn:cite:phoros:stones.atl8
urn:cts:phoros:stele1.year3:front.1.15,urn:cite:phoros:stones.atl8
urn:cts:phoros:stele1.year3:front.1.16,urn:cite:phoros:stones.atl8
urn:cts:phoros:stele1.year3:front.1.17,urn:cite:phoros:stones.atl8
urn:cts:phoros:stele1.year3:front.1.2,urn:cite:phoros:stones.atl8
urn:cts:phoros:stele1.year3:front.1.3,urn:cite:phoros:stones.atl8
urn:cts:phoros:stele1.year3:front.1.31,urn:cite:phoros:stones.atl15
urn:cts:phoros:stele1.year3:front.1.31,urn:cite:phoros:stones.atl16
urn:cts:phoros:stele1.year3:front.1.32,urn:cite:phoros:stones.atl15
urn:cts:phoros:stele1.year3:front.1.32,urn:cite:phoros:stones.atl16
urn:cts:phoros:stele1.year3:front.1.4,urn:cite:phoros:stones.atl8
urn:cts:phoros:stele1.year3:front.1.5,urn:cite:phoros:stones.atl8
urn:cts:phoros:stele1.year3:front.1.6,urn:cite:phoros:stones.atl8
urn:cts:phoros:stele1.year3:front.1.7,urn:cite:phoros:stones.atl8
urn:cts:phoros:stele1.year3:front.1.8,urn:cite:phoros:stones.atl8
urn:cts:phoros:stele1.year3:front.1.9,urn:cite:phoros:stones.atl8
urn:cts:phoros:stele1.year3:front.2.10,urn:cite:phoros:stones.atl8
urn:cts:phoros:stele1.year3:front.2.11,urn:cite:phoros:stones.atl12
urn:cts:phoros:stele1.year3:front.2.11,urn:cite:phoros:stones.atl8
urn:cts:phoros:stele1.year3:front.2.12,urn:cite:phoros:stones.atl8
urn:cts:phoros:stele1.year3:front.2.2,urn:cite:phoros:stones.atl8
urn:cts:phoros:stele1.year3:front.2.28,urn:cite:phoros:stones.atl16
urn:cts:phoros:stele1.year3:front.2.29,urn:cite:phoros:stones.atl16
urn:cts:phoros:stele1.year3:front.2.3,urn:cite:phoros:stones.atl12
urn:cts:phoros:stele1.year3:front.2.30,urn:cite:phoros:stones.atl16
urn:cts:phoros:stele1.year3:front.2.31,urn:cite:phoros:stones.atl16
urn:cts:phoros:stele1.year3:front.2.4,urn:cite:phoros:stones.atl12
urn:cts:phoros:stele1.year3:front.2.5,urn:cite:phoros:stones.atl8
urn:cts:phoros:stele1.year3:front.2.6,urn:cite:phoros:stones.atl12
urn:cts:phoros:stele1.year3:front.2.6,urn:cite:phoros:stones.atl8
urn:cts:phoros:stele1.year3:front.2.7,urn:cite:phoros:stones.atl8
urn:cts:phoros:stele1.year3:front.2.8,urn:cite:phoros:stones.atl12
urn:cts:phoros:stele1.year3:front.2.8,urn:cite:phoros:stones.atl8
urn:cts:phoros:stele1.year3:front.2.9,urn:cite:phoros:stones.atl12
urn:cts:phoros:stele1.year3:front.3.10,urn:cite:phoros:stones.atl12
urn:cts:phoros:stele1.year3:front.3.11,urn:cite:phoros:stones.atl12
urn:cts:phoros:stele1.year3:front.3.2,urn:cite:phoros:stones.atl12
urn:cts:phoros:stele1.year3:front.3.25,urn:cite:phoros:stones.atl12
urn:cts:phoros:stele1.year3:front.3.26,urn:cite:phoros:stones.atl12
urn:cts:phoros:stele1.year3:front.3.28,urn:cite:phoros:stones.atl12
urn:cts:phoros:stele1.year3:front.3.29,urn:cite:phoros:stones.atl12
urn:cts:phoros:stele1.year3:front.3.3,urn:cite:phoros:stones.atl12
urn:cts:phoros:stele1.year3:front.3.31,urn:cite:phoros:stones.atl12
urn:cts:phoros:stele1.year3:front.3.4,urn:cite:phoros:stones.atl12
urn:cts:phoros:stele1.year3:front.3.5,urn:cite:phoros:stones.atl12
urn:cts:phoros:stele1.year3:front.3.6,urn:cite:phoros:stones.atl12
urn:cts:phoros:stele1.year3:front.3.7,urn:cite:phoros:stones.atl12
urn:cts:phoros:stele1.year3:front.3.8,urn:cite:phoros:stones.atl12
urn:cts:phoros:stele1.year3:front.3.9,urn:cite:phoros:stones.atl12
urn:cts:phoros:stele1.year3:front.4.10,urn:cite:phoros:stones.atl13
urn:cts:phoros:stele1.year3:front.4.10,urn:cite:phoros:stones.atl14
urn:cts:phoros:stele1.year3:front.4.11,urn:cite:phoros:stones.atl13
urn:cts:phoros:stele1.year3:front.4.11,urn:cite:phoros:stones.atl14
urn:cts:phoros:stele1.year3:front.4.12,urn:cite:phoros:stones.atl14
urn:cts:phoros:stele1.year3:front.4.13,urn:cite:phoros:stones.atl14
urn:cts:phoros:stele1.year3:front.4.14,urn:cite:phoros:stones.atl14
urn:cts:phoros:stele1.year3:front.4.15,urn:cite:phoros:stones.atl14
urn:cts:phoros:stele1.year3:front.4.16,urn:cite:phoros:stones.atl14
urn:cts:phoros:stele1.year3:front.4.17,urn:cite:phoros:stones.atl14
urn:cts:phoros:stele1.year3:front.4.19,urn:cite:phoros:stones.atl14
urn:cts:phoros:stele1.year3:front.4.2,urn:cite:phoros:stones.atl9
urn:cts:phoros:stele1.year3:front.4.20,urn:cite:phoros:stones.atl14
urn:cts:phoros:stele1.year3:front.4.24,urn:cite:phoros:stones.atl17
urn:cts:phoros:stele1.year3:front.4.25,urn:cite:phoros:stones.atl17
urn:cts:phoros:stele1.year3:front.4.26,urn:cite:phoros:stones.atl17
urn:cts:phoros:stele1.year3:front.4.27,urn:cite:phoros:stones.atl17
urn:cts:phoros:stele1.year3:front.4.28,urn:cite:phoros:stones.atl17
urn:cts:phoros:stele1.year3:front.4.29,urn:cite:phoros:stones.atl17
urn:cts:phoros:stele1.year3:front.4.3,urn:cite:phoros:stones.atl9
urn:cts:phoros:stele1.year3:front.4.30,urn:cite:phoros:stones.atl17
urn:cts:phoros:stele1.year3:front.4.31,urn:cite:phoros:stones.atl17
urn:cts:phoros:stele1.year3:front.4.4,urn:cite:phoros:stones.atl9
urn:cts:phoros:stele1.year3:front.4.5,urn:cite:phoros:stones.atl9
urn:cts:phoros:stele1.year3:front.4.7,urn:cite:phoros:stones.atl14
urn:cts:phoros:stele1.year3:front.4.8,urn:cite:phoros:stones.atl14
urn:cts:phoros:stele1.year3:front.4.9,urn:cite:phoros:stones.atl13
urn:cts:phoros:stele1.year3:front.4.9,urn:cite:phoros:stones.atl14
urn:cts:phoros:stele1.year3:front.5.10,urn:cite:phoros:stones.atl10
urn:cts:phoros:stele1.year3:front.5.10,urn:cite:phoros:stones.atl14
urn:cts:phoros:stele1.year3:front.5.11,urn:cite:phoros:stones.atl10
urn:cts:phoros:stele1.year3:front.5.11,urn:cite:phoros:stones.atl14
urn:cts:phoros:stele1.year3:front.5.12,urn:cite:phoros:stones.atl10
urn:cts:phoros:stele1.year3:front.5.12,urn:cite:phoros:stones.atl14
urn:cts:phoros:stele1.year3:front.5.13,urn:cite:phoros:stones.atl10
urn:cts:phoros:stele1.year3:front.5.13,urn:cite:phoros:stones.atl14
urn:cts:phoros:stele1.year3:front.5.14,urn:cite:phoros:stones.atl10
urn:cts:phoros:stele1.year3:front.5.14,urn:cite:phoros:stones.atl14
urn:cts:phoros:stele1.year3:front.5.15,urn:cite:phoros:stones.atl10
urn:cts:phoros:stele1.year3:front.5.15,urn:cite:phoros:stones.atl14
urn:cts:phoros:stele1.year3:front.5.16,urn:cite:phoros:stones.atl14
urn:cts:phoros:stele1.year3:front.5.17,urn:cite:phoros:stones.atl10
urn:cts:phoros:stele1.year3:front.5.17,urn:cite:phoros:stones.atl14
urn:cts:phoros:stele1.year3:front.5.18,urn:cite:phoros:stones.atl14
urn:cts:phoros:stele1.year3:front.5.19,urn:cite:phoros:stones.atl10
urn:cts:phoros:stele1.year3:front.5.19,urn:cite:phoros:stones.atl14
urn:cts:phoros:stele1.year3:front.5.2,urn:cite:phoros:stones.atl10
urn:cts:phoros:stele1.year3:front.5.20,urn:cite:phoros:stones.atl14
urn:cts:phoros:stele1.year3:front.5.21,urn:cite:phoros:stones.atl10
urn:cts:phoros:stele1.year3:front.5.21,urn:cite:phoros:stones.atl14
urn:cts:phoros:stele1.year3:front.5.22,urn:cite:phoros:stones.atl10
urn:cts:phoros:stele1.year3:front.5.22,urn:cite:phoros:stones.atl14
urn:cts:phoros:stele1.year3:front.5.23,urn:cite:phoros:stones.atl14
urn:cts:phoros:stele1.year3:front.5.24,urn:cite:phoros:stones.atl14
urn:cts:phoros:stele1.year3:front.5.25,urn:cite:phoros:stones.atl18
urn:cts:phoros:stele1.year3:front.5.26,urn:cite:phoros:stones.atl18
urn:cts:phoros:stele1.year3:front.5.27,urn:cite:phoros:stones.atl18
urn:cts:phoros:stele1.year3:front.5.28,urn:cite:phoros:stones.atl18
urn:cts:phoros:stele1.year3:front.5.29,urn:cite:phoros:stones.atl18
urn:cts:phoros:stele1.year3:front.5.3,urn:cite:phoros:stones.atl10
urn:cts:phoros:stele1.year3:front.5.30,urn:cite:phoros:stones.atl18
urn:cts:phoros:stele1.year3:front.5.31,urn:cite:phoros:stones.atl18
urn:cts:phoros:stele1.year3:front.5.4,urn:cite:phoros:stones.atl10
urn:cts:phoros:stele1.year3:front.5.5,urn:cite:phoros:stones.atl10
urn:cts:phoros:stele1.year3:front.5.6,urn:cite:phoros:stones.atl10
urn:cts:phoros:stele1.year3:front.5.7,urn:cite:phoros:stones.atl10
urn:cts:phoros:stele1.year3:front.5.8,urn:cite:phoros:stones.atl10
urn:cts:phoros:stele1.year3:front.5.9,urn:cite:phoros:stones.atl10
urn:cts:phoros:stele1.year3:front.header.1,urn:cite:phoros:stones.atl10
urn:cts:phoros:stele1.year3:front.header.1,urn:cite:phoros:stones.atl12
urn:cts:phoros:stele1.year3:front.header.1,urn:cite:phoros:stones.atl7
urn:cts:phoros:stele1.year3:front.header.1,urn:cite:phoros:stones.atl8
urn:cts:phoros:stele1.year3:front.header.1,urn:cite:phoros:stones.atl9
urn:cts:phoros:stele1.year4:front.1.10,urn:cite:phoros:stones.atl21
urn:cts:phoros:stele1.year4:front.1.11,urn:cite:phoros:stones.atl20
urn:cts:phoros:stele1.year4:front.1.11,urn:cite:phoros:stones.atl21
urn:cts:phoros:stele1.year4:front.1.12,urn:cite:phoros:stones.atl20
urn:cts:phoros:stele1.year4:front.1.12,urn:cite:phoros:stones.atl21
urn:cts:phoros:stele1.year4:front.1.13,urn:cite:phoros:stones.atl20
urn:cts:phoros:stele1.year4:front.1.13,urn:cite:phoros:stones.atl21
urn:cts:phoros:stele1.year4:front.1.13,urn:cite:phoros:stones.atl26
urn:cts:phoros:stele1.year4:front.1.14,urn:cite:phoros:stones.atl26
urn:cts:phoros:stele1.year4:front.1.16,urn:cite:phoros:stones.atl26
urn:cts:phoros:stele1.year4:front.1.17,urn:cite:phoros:stones.atl26
urn:cts:phoros:stele1.year4:front.1.18,urn:cite:phoros:stones.atl26
urn:cts:phoros:stele1.year4:front.1.19,urn:cite:phoros:stones.atl26
urn:cts:phoros:stele1.year4:front.1.2,urn:cite:phoros:stones.atl15
urn:cts:phoros:stele1.year4:front.1.24,urn:cite:phoros:stones.atl26
urn:cts:phoros:stele1.year4:front.1.25,urn:cite:phoros:stones.atl26
urn:cts:phoros:stele1.year4:front.1.26,urn:cite:phoros:stones.atl26
urn:cts:phoros:stele1.year4:front.1.27,urn:cite:phoros:stones.atl27
urn:cts:phoros:stele1.year4:front.1.28,urn:cite:phoros:stones.atl27
urn:cts:phoros:stele1.year4:front.1.29,urn:cite:phoros:stones.atl27
urn:cts:phoros:stele1.year4:front.1.29,urn:cite:phoros:stones.atl29
urn:cts:phoros:stele1.year4:front.1.3,urn:cite:phoros:stones.atl15
urn:cts:phoros:stele1.year4:front.1.3,urn:cite:phoros:stones.atl16
urn:cts:phoros:stele1.year4:front.1.30,urn:cite:phoros:stones.atl27
urn:cts:phoros:stele1.year4:front.1.30,urn:cite:phoros:stones.atl29
urn:cts:phoros:stele1.year4:front.1.31,urn:cite:phoros:stones.atl27
urn:cts:phoros:stele1.year4:front.1.31,urn:cite:phoros:stones.atl28
urn:cts:phoros:stele1.year4:front.1.31,urn:cite:phoros:stones.atl29
urn:cts:phoros:stele1.year4:front.1.32,urn:cite:phoros:stones.atl27
urn:cts:phoros:stele1.year4:front.1.32,urn:cite:phoros:stones.atl28
urn:cts:phoros:stele1.year4:front.1.32,urn:cite:phoros:stones.atl29
urn:cts:phoros:stele1.year4:front.1.33,urn:cite:phoros:stones.atl27
urn:cts:phoros:stele1.year4:front.1.33,urn:cite:phoros:stones.atl28
urn:cts:phoros:stele1.year4:front.1.33,urn:cite:phoros:stones.atl29
urn:cts:phoros:stele1.year4:front.1.4,urn:cite:phoros:stones.atl15
urn:cts:phoros:stele1.year4:front.1.5,urn:cite:phoros:stones.atl15
urn:cts:phoros:stele1.year4:front.1.5,urn:cite:phoros:stones.atl16
urn:cts:phoros:stele1.year4:front.1.6,urn:cite:phoros:stones.atl19
urn:cts:phoros:stele1.year4:front.1.6,urn:cite:phoros:stones.atl22
urn:cts:phoros:stele1.year4:front.1.7,urn:cite:phoros:stones.atl19
urn:cts:phoros:stele1.year4:front.1.7,urn:cite:phoros:stones.atl21
urn:cts:phoros:stele1.year4:front.1.8,urn:cite:phoros:stones.atl19
urn:cts:phoros:stele1.year4:front.1.8,urn:cite:phoros:stones.atl20
urn:cts:phoros:stele1.year4:front.1.8,urn:cite:phoros:stones.atl21
urn:cts:phoros:stele1.year4:front.1.9,urn:cite:phoros:stones.atl19
urn:cts:phoros:stele1.year4:front.1.9,urn:cite:phoros:stones.atl20
urn:cts:phoros:stele1.year4:front.1.9,urn:cite:phoros:stones.atl21
urn:cts:phoros:stele1.year4:front.2.10,urn:cite:phoros:stones.atl22
urn:cts:phoros:stele1.year4:front.2.11,urn:cite:phoros:stones.atl22
urn:cts:phoros:stele1.year4:front.2.12,urn:cite:phoros:stones.atl22
urn:cts:phoros:stele1.year4:front.2.13,urn:cite:phoros:stones.atl22
urn:cts:phoros:stele1.year4:front.2.14,urn:cite:phoros:stones.atl22
urn:cts:phoros:stele1.year4:front.2.15,urn:cite:phoros:stones.atl22
urn:cts:phoros:stele1.year4:front.2.16,urn:cite:phoros:stones.atl22
urn:cts:phoros:stele1.year4:front.2.2,urn:cite:phoros:stones.atl16
urn:cts:phoros:stele1.year4:front.2.27,urn:cite:phoros:stones.atl29
urn:cts:phoros:stele1.year4:front.2.28,urn:cite:phoros:stones.atl29
urn:cts:phoros:stele1.year4:front.2.29,urn:cite:phoros:stones.atl29
urn:cts:phoros:stele1.year4:front.2.3,urn:cite:phoros:stones.atl16
urn:cts:phoros:stele1.year4:front.2.3,urn:cite:phoros:stones.atl22
urn:cts:phoros:stele1.year4:front.2.30,urn:cite:phoros:stones.atl29
urn:cts:phoros:stele1.year4:front.2.31,urn:cite:phoros:stones.atl29
urn:cts:phoros:stele1.year4:front.2.31,urn:cite:phoros:stones.atl32
urn:cts:phoros:stele1.year4:front.2.31,urn:cite:phoros:stones.atl33
urn:cts:phoros:stele1.year4:front.2.32,urn:cite:phoros:stones.atl31
urn:cts:phoros:stele1.year4:front.2.32,urn:cite:phoros:stones.atl32
urn:cts:phoros:stele1.year4:front.2.32,urn:cite:phoros:stones.atl33
urn:cts:phoros:stele1.year4:front.2.33,urn:cite:phoros:stones.atl31
urn:cts:phoros:stele1.year4:front.2.33,urn:cite:phoros:stones.atl32
urn:cts:phoros:stele1.year4:front.2.33,urn:cite:phoros:stones.atl33
urn:cts:phoros:stele1.year4:front.2.4,urn:cite:phoros:stones.atl16
urn:cts:phoros:stele1.year4:front.2.4,urn:cite:phoros:stones.atl22
urn:cts:phoros:stele1.year4:front.2.5,urn:cite:phoros:stones.atl16
urn:cts:phoros:stele1.year4:front.2.6,urn:cite:phoros:stones.atl16
urn:cts:phoros:stele1.year4:front.2.6,urn:cite:phoros:stones.atl22
urn:cts:phoros:stele1.year4:front.2.7,urn:cite:phoros:stones.atl16
urn:cts:phoros:stele1.year4:front.2.7,urn:cite:phoros:stones.atl22
urn:cts:phoros:stele1.year4:front.2.8,urn:cite:phoros:stones.atl16
urn:cts:phoros:stele1.year4:front.2.8,urn:cite:phoros:stones.atl22
urn:cts:phoros:stele1.year4:front.2.9,urn:cite:phoros:stones.atl16
urn:cts:phoros:stele1.year4:front.2.9,urn:cite:phoros:stones.atl22
urn:cts:phoros:stele1.year4:front.3.22,urn:cite:phoros:stones.atl36
urn:cts:phoros:stele1.year4:front.3.23,urn:cite:phoros:stones.atl36
urn:cts:phoros:stele1.year4:front.3.24,urn:cite:phoros:stones.atl36
urn:cts:phoros:stele1.year4:front.3.24,urn:cite:phoros:stones.atl37
urn:cts:phoros:stele1.year4:front.3.25,urn:cite:phoros:stones.atl36
urn:cts:phoros:stele1.year4:front.3.26,urn:cite:phoros:stones.atl36
urn:cts:phoros:stele1.year4:front.3.27,urn:cite:phoros:stones.atl36
urn:cts:phoros:stele1.year4:front.3.27,urn:cite:phoros:stones.atl37
urn:cts:phoros:stele1.year4:front.3.28,urn:cite:phoros:stones.atl37
urn:cts:phoros:stele1.year4:front.3.29,urn:cite:phoros:stones.atl37
urn:cts:phoros:stele1.year4:front.3.30,urn:cite:phoros:stones.atl37
urn:cts:phoros:stele1.year4:front.4.10,urn:cite:phoros:stones.atl17
urn:cts:phoros:stele1.year4:front.4.11,urn:cite:phoros:stones.atl17
urn:cts:phoros:stele1.year4:front.4.12,urn:cite:phoros:stones.atl17
urn:cts:phoros:stele1.year4:front.4.12,urn:cite:phoros:stones.atl24
urn:cts:phoros:stele1.year4:front.4.13,urn:cite:phoros:stones.atl24
urn:cts:phoros:stele1.year4:front.4.13,urn:cite:phoros:stones.atl25
urn:cts:phoros:stele1.year4:front.4.14,urn:cite:phoros:stones.atl24
urn:cts:phoros:stele1.year4:front.4.14,urn:cite:phoros:stones.atl25
urn:cts:phoros:stele1.year4:front.4.15,urn:cite:phoros:stones.atl25
urn:cts:phoros:stele1.year4:front.4.16,urn:cite:phoros:stones.atl25
urn:cts:phoros:stele1.year4:front.4.17,urn:cite:phoros:stones.atl25
urn:cts:phoros:stele1.year4:front.4.18,urn:cite:phoros:stones.atl25
urn:cts:phoros:stele1.year4:front.4.19,urn:cite:phoros:stones.atl25
urn:cts:phoros:stele1.year4:front.4.2,urn:cite:phoros:stones.atl17
urn:cts:phoros:stele1.year4:front.4.20,urn:cite:phoros:stones.atl25
urn:cts:phoros:stele1.year4:front.4.21,urn:cite:phoros:stones.atl25
urn:cts:phoros:stele1.year4:front.4.22,urn:cite:phoros:stones.atl25
urn:cts:phoros:stele1.year4:front.4.23,urn:cite:phoros:stones.atl25
urn:cts:phoros:stele1.year4:front.4.24,urn:cite:phoros:stones.atl25
urn:cts:phoros:stele1.year4:front.4.25,urn:cite:phoros:stones.atl25
urn:cts:phoros:stele1.year4:front.4.26,urn:cite:phoros:stones.atl25
urn:cts:phoros:stele1.year4:front.4.26,urn:cite:phoros:stones.atl38
urn:cts:phoros:stele1.year4:front.4.27,urn:cite:phoros:stones.atl25
urn:cts:phoros:stele1.year4:front.4.27,urn:cite:phoros:stones.atl38
urn:cts:phoros:stele1.year4:front.4.28,urn:cite:phoros:stones.atl25
urn:cts:phoros:stele1.year4:front.4.28,urn:cite:phoros:stones.atl38
urn:cts:phoros:stele1.year4:front.4.29,urn:cite:phoros:stones.atl25
urn:cts:phoros:stele1.year4:front.4.29,urn:cite:phoros:stones.atl38
urn:cts:phoros:stele1.year4:front.4.3,urn:cite:phoros:stones.atl17
urn:cts:phoros:stele1.year4:front.4.30,urn:cite:phoros:stones.atl25
urn:cts:phoros:stele1.year4:front.4.30,urn:cite:phoros:stones.atl38
urn:cts:phoros:stele1.year4:front.4.31,urn:cite:phoros:stones.atl38
urn:cts:phoros:stele1.year4:front.4.32,urn:cite:phoros:stones.atl38
urn:cts:phoros:stele1.year4:front.4.4,urn:cite:phoros:stones.atl17
urn:cts:phoros:stele1.year4:front.4.5,urn:cite:phoros:stones.atl17
urn:cts:phoros:stele1.year4:front.4.6,urn:cite:phoros:stones.atl17
urn:cts:phoros:stele1.year4:front.4.7,urn:cite:phoros:stones.atl17
urn:cts:phoros:stele1.year4:front.4.8,urn:cite:phoros:stones.atl17
urn:cts:phoros:stele1.year4:front.4.9,urn:cite:phoros:stones.atl17
urn:cts:phoros:stele1.year4:front.5.2,urn:cite:phoros:stones.atl18
urn:cts:phoros:stele1.year4:front.5.20,urn:cite:phoros:stones.atl39
urn:cts:phoros:stele1.year4:front.5.21,urn:cite:phoros:stones.atl25
urn:cts:phoros:stele1.year4:front.5.21,urn:cite:phoros:stones.atl39
urn:cts:phoros:stele1.year4:front.5.22,urn:cite:phoros:stones.atl25
urn:cts:phoros:stele1.year4:front.5.22,urn:cite:phoros:stones.atl39
urn:cts:phoros:stele1.year4:front.5.23,urn:cite:phoros:stones.atl25
urn:cts:phoros:stele1.year4:front.5.23,urn:cite:phoros:stones.atl39
urn:cts:phoros:stele1.year4:front.5.24,urn:cite:phoros:stones.atl25
urn:cts:phoros:stele1.year4:front.5.24,urn:cite:phoros:stones.atl39
urn:cts:phoros:stele1.year4:front.5.25,urn:cite:phoros:stones.atl25
urn:cts:phoros:stele1.year4:front.5.25,urn:cite:phoros:stones.atl39
urn:cts:phoros:stele1.year4:front.5.26,urn:cite:phoros:stones.atl25
urn:cts:phoros:stele1.year4:front.5.26,urn:cite:phoros:stones.atl39
urn:cts:phoros:stele1.year4:front.5.27,urn:cite:phoros:stones.atl25
urn:cts:phoros:stele1.year4:front.5.27,urn:cite:phoros:stones.atl39
urn:cts:phoros:stele1.year4:front.5.28,urn:cite:phoros:stones.atl25
urn:cts:phoros:stele1.year4:front.5.28,urn:cite:phoros:stones.atl39
urn:cts:phoros:stele1.year4:front.5.29,urn:cite:phoros:stones.atl25
urn:cts:phoros:stele1.year4:front.5.3,urn:cite:phoros:stones.atl18
urn:cts:phoros:stele1.year4:front.5.3,urn:cite:phoros:stones.atl23
urn:cts:phoros:stele1.year4:front.5.30,urn:cite:phoros:stones.atl25
urn:cts:phoros:stele1.year4:front.5.31,urn:cite:phoros:stones.atl25
urn:cts:phoros:stele1.year4:front.5.31,urn:cite:phoros:stones.atl40
urn:cts:phoros:stele1.year4:front.5.32,urn:cite:phoros:stones.atl40
urn:cts:phoros:stele1.year4:front.5.4,urn:cite:phoros:stones.atl23
urn:cts:phoros:stele1.year4:front.5.5,urn:cite:phoros:stones.atl23
urn:cts:phoros:stele1.year4:front.5.6,urn:cite:phoros:stones.atl23
urn:cts:phoros:stele1.year4:front.front.1,urn:cite:phoros:stones.atl15
urn:cts:phoros:stele1.year4:front.front.1,urn:cite:phoros:stones.atl16
urn:cts:phoros:stele1.year4:front.front.1,urn:cite:phoros:stones.atl17
urn:cts:phoros:stele1.year4:front.front.1,urn:cite:phoros:stones.atl18
urn:cts:phoros:stele1.year4:front.front.1,urn:cite:phoros:stones.atl22
urn:cts:phoros:stele1.year5:front.1.10,urn:cite:phoros:stones.atl29
urn:cts:phoros:stele1.year5:front.1.11,urn:cite:phoros:stones.atl29
urn:cts:phoros:stele1.year5:front.1.12,urn:cite:phoros:stones.atl29
urn:cts:phoros:stele1.year5:front.1.13,urn:cite:phoros:stones.atl29
urn:cts:phoros:stele1.year5:front.1.14,urn:cite:phoros:stones.atl29
urn:cts:phoros:stele1.year5:front.1.2,urn:cite:phoros:stones.atl29
urn:cts:phoros:stele1.year5:front.1.2,urn:cite:phoros:stones.atl30
urn:cts:phoros:stele1.year5:front.1.3,urn:cite:phoros:stones.atl29
urn:cts:phoros:stele1.year5:front.1.3,urn:cite:phoros:stones.atl30
urn:cts:phoros:stele1.year5:front.1.4,urn:cite:phoros:stones.atl29
urn:cts:phoros:stele1.year5:front.1.4,urn:cite:phoros:stones.atl30
urn:cts:phoros:stele1.year5:front.1.5,urn:cite:phoros:stones.atl29
urn:cts:phoros:stele1.year5:front.1.5,urn:cite:phoros:stones.atl30
urn:cts:phoros:stele1.year5:front.1.6,urn:cite:phoros:stones.atl29
urn:cts:phoros:stele1.year5:front.1.7,urn:cite:phoros:stones.atl29
urn:cts:phoros:stele1.year5:front.1.8,urn:cite:phoros:stones.atl29
urn:cts:phoros:stele1.year5:front.1.9,urn:cite:phoros:stones.atl29
urn:cts:phoros:stele1.year5:front.2.10,urn:cite:phoros:stones.atl35
urn:cts:phoros:stele1.year5:front.2.11,urn:cite:phoros:stones.atl35
urn:cts:phoros:stele1.year5:front.2.12,urn:cite:phoros:stones.atl35
urn:cts:phoros:stele1.year5:front.2.13,urn:cite:phoros:stones.atl35
urn:cts:phoros:stele1.year5:front.2.14,urn:cite:phoros:stones.atl35
urn:cts:phoros:stele1.year5:front.2.15,urn:cite:phoros:stones.atl35
urn:cts:phoros:stele1.year5:front.2.16,urn:cite:phoros:stones.atl35
urn:cts:phoros:stele1.year5:front.2.16,urn:cite:phoros:stones.atl43
urn:cts:phoros:stele1.year5:front.2.17,urn:cite:phoros:stones.atl35
urn:cts:phoros:stele1.year5:front.2.2,urn:cite:phoros:stones.atl34
urn:cts:phoros:stele1.year5:front.2.2,urn:cite:phoros:stones.atl35
urn:cts:phoros:stele1.year5:front.2.27,urn:cite:phoros:stones.atl46
urn:cts:phoros:stele1.year5:front.2.28,urn:cite:phoros:stones.atl46
urn:cts:phoros:stele1.year5:front.2.29,urn:cite:phoros:stones.atl46
urn:cts:phoros:stele1.year5:front.2.3,urn:cite:phoros:stones.atl34
urn:cts:phoros:stele1.year5:front.2.3,urn:cite:phoros:stones.atl35
urn:cts:phoros:stele1.year5:front.2.30,urn:cite:phoros:stones.atl46
urn:cts:phoros:stele1.year5:front.2.31,urn:cite:phoros:stones.atl46
urn:cts:phoros:stele1.year5:front.2.32,urn:cite:phoros:stones.atl46
urn:cts:phoros:stele1.year5:front.2.33,urn:cite:phoros:stones.atl46
urn:cts:phoros:stele1.year5:front.2.34,urn:cite:phoros:stones.atl46
urn:cts:phoros:stele1.year5:front.2.35,urn:cite:phoros:stones.atl46
urn:cts:phoros:stele1.year5:front.2.36,urn:cite:phoros:stones.atl46
urn:cts:phoros:stele1.year5:front.2.37,urn:cite:phoros:stones.atl46
urn:cts:phoros:stele1.year5:front.2.38,urn:cite:phoros:stones.atl46
urn:cts:phoros:stele1.year5:front.2.38,urn:cite:phoros:stones.atl50
urn:cts:phoros:stele1.year5:front.2.39,urn:cite:phoros:stones.atl46
urn:cts:phoros:stele1.year5:front.2.39,urn:cite:phoros:stones.atl50
urn:cts:phoros:stele1.year5:front.2.4,urn:cite:phoros:stones.atl35
urn:cts:phoros:stele1.year5:front.2.40,urn:cite:phoros:stones.atl49
urn:cts:phoros:stele1.year5:front.2.40,urn:cite:phoros:stones.atl50
urn:cts:phoros:stele1.year5:front.2.41,urn:cite:phoros:stones.atl49
urn:cts:phoros:stele1.year5:front.2.41,urn:cite:phoros:stones.atl50
urn:cts:phoros:stele1.year5:front.2.5,urn:cite:phoros:stones.atl35
urn:cts:phoros:stele1.year5:front.2.6,urn:cite:phoros:stones.atl35
urn:cts:phoros:stele1.year5:front.2.7,urn:cite:phoros:stones.atl35
urn:cts:phoros:stele1.year5:front.2.8,urn:cite:phoros:stones.atl35
urn:cts:phoros:stele1.year5:front.2.9,urn:cite:phoros:stones.atl35
urn:cts:phoros:stele1.year5:front.3.10,urn:cite:phoros:stones.atl43
urn:cts:phoros:stele1.year5:front.3.11,urn:cite:phoros:stones.atl43
urn:cts:phoros:stele1.year5:front.3.12,urn:cite:phoros:stones.atl43
urn:cts:phoros:stele1.year5:front.3.13,urn:cite:phoros:stones.atl43
urn:cts:phoros:stele1.year5:front.3.14,urn:cite:phoros:stones.atl43
urn:cts:phoros:stele1.year5:front.3.15,urn:cite:phoros:stones.atl43
urn:cts:phoros:stele1.year5:front.3.16,urn:cite:phoros:stones.atl43
urn:cts:phoros:stele1.year5:front.3.17,urn:cite:phoros:stones.atl43
urn:cts:phoros:stele1.year5:front.3.18,urn:cite:phoros:stones.atl43
urn:cts:phoros:stele1.year5:front.3.19,urn:cite:phoros:stones.atl43
urn:cts:phoros:stele1.year5:front.3.20,urn:cite:phoros:stones.atl43
urn:cts:phoros:stele1.year5:front.3.21,urn:cite:phoros:stones.atl43
urn:cts:phoros:stele1.year5:front.3.22,urn:cite:phoros:stones.atl43
urn:cts:phoros:stele1.year5:front.3.23,urn:cite:phoros:stones.atl43
urn:cts:phoros:stele1.year5:front.3.24,urn:cite:phoros:stones.atl43
urn:cts:phoros:stele1.year5:front.3.25,urn:cite:phoros:stones.atl43
urn:cts:phoros:stele1.year5:front.3.26,urn:cite:phoros:stones.atl43
urn:cts:phoros:stele1.year5:front.3.27,urn:cite:phoros:stones.atl43
urn:cts:phoros:stele1.year5:front.3.29,urn:cite:phoros:stones.atl47
urn:cts:phoros:stele1.year5:front.3.30,urn:cite:phoros:stones.atl47
urn:cts:phoros:stele1.year5:front.3.31,urn:cite:phoros:stones.atl47
urn:cts:phoros:stele1.year5:front.3.32,urn:cite:phoros:stones.atl47
urn:cts:phoros:stele1.year5:front.3.33,urn:cite:phoros:stones.atl46
urn:cts:phoros:stele1.year5:front.3.33,urn:cite:phoros:stones.atl47
urn:cts:phoros:stele1.year5:front.3.34,urn:cite:phoros:stones.atl47
urn:cts:phoros:stele1.year5:front.3.35,urn:cite:phoros:stones.atl47
urn:cts:phoros:stele1.year5:front.3.36,urn:cite:phoros:stones.atl47
urn:cts:phoros:stele1.year5:front.3.37,urn:cite:phoros:stones.atl47
urn:cts:phoros:stele1.year5:front.3.37,urn:cite:phoros:stones.atl53
urn:cts:phoros:stele1.year5:front.3.38,urn:cite:phoros:stones.atl47
urn:cts:phoros:stele1.year5:front.3.38,urn:cite:phoros:stones.atl53
urn:cts:phoros:stele1.year5:front.3.39,urn:cite:phoros:stones.atl47
urn:cts:phoros:stele1.year5:front.3.39,urn:cite:phoros:stones.atl50
urn:cts:phoros:stele1.year5:front.3.39,urn:cite:phoros:stones.atl53
urn:cts:phoros:stele1.year5:front.3.40,urn:cite:phoros:stones.atl50
urn:cts:phoros:stele1.year5:front.3.40,urn:cite:phoros:stones.atl53
urn:cts:phoros:stele1.year5:front.3.41,urn:cite:phoros:stones.atl50
urn:cts:phoros:stele1.year5:front.3.41,urn:cite:phoros:stones.atl53
urn:cts:phoros:stele1.year5:front.3.7,urn:cite:phoros:stones.atl35
urn:cts:phoros:stele1.year5:front.3.8,urn:cite:phoros:stones.atl43
urn:cts:phoros:stele1.year5:front.3.9,urn:cite:phoros:stones.atl43
urn:cts:phoros:stele1.year5:front.4.10,urn:cite:phoros:stones.atl43
urn:cts:phoros:stele1.year5:front.4.10,urn:cite:phoros:stones.atl45
urn:cts:phoros:stele1.year5:front.4.11,urn:cite:phoros:stones.atl43
urn:cts:phoros:stele1.year5:front.4.12,urn:cite:phoros:stones.atl43
urn:cts:phoros:stele1.year5:front.4.12,urn:cite:phoros:stones.atl45
urn:cts:phoros:stele1.year5:front.4.13,urn:cite:phoros:stones.atl43
urn:cts:phoros:stele1.year5:front.4.13,urn:cite:phoros:stones.atl45
urn:cts:phoros:stele1.year5:front.4.14,urn:cite:phoros:stones.atl43
urn:cts:phoros:stele1.year5:front.4.15,urn:cite:phoros:stones.atl43
urn:cts:phoros:stele1.year5:front.4.15,urn:cite:phoros:stones.atl45
urn:cts:phoros:stele1.year5:front.4.16,urn:cite:phoros:stones.atl43
urn:cts:phoros:stele1.year5:front.4.16,urn:cite:phoros:stones.atl45
urn:cts:phoros:stele1.year5:front.4.17,urn:cite:phoros:stones.atl43
urn:cts:phoros:stele1.year5:front.4.18,urn:cite:phoros:stones.atl43
urn:cts:phoros:stele1.year5:front.4.19,urn:cite:phoros:stones.atl43
urn:cts:phoros:stele1.year5:front.4.2,urn:cite:phoros:stones.atl41
urn:cts:phoros:stele1.year5:front.4.20,urn:cite:phoros:stones.atl43
urn:cts:phoros:stele1.year5:front.4.20,urn:cite:phoros:stones.atl45
urn:cts:phoros:stele1.year5:front.4.21,urn:cite:phoros:stones.atl43
urn:cts:phoros:stele1.year5:front.4.22,urn:cite:phoros:stones.atl43
urn:cts:phoros:stele1.year5:front.4.23,urn:cite:phoros:stones.atl43
urn:cts:phoros:stele1.year5:front.4.24,urn:cite:phoros:stones.atl43
urn:cts:phoros:stele1.year5:front.4.25,urn:cite:phoros:stones.atl43
urn:cts:phoros:stele1.year5:front.4.26,urn:cite:phoros:stones.atl43
urn:cts:phoros:stele1.year5:front.4.26,urn:cite:phoros:stones.atl44
urn:cts:phoros:stele1.year5:front.4.26,urn:cite:phoros:stones.atl45
urn:cts:phoros:stele1.year5:front.4.27,urn:cite:phoros:stones.atl43
urn:cts:phoros:stele1.year5:front.4.27,urn:cite:phoros:stones.atl44
urn:cts:phoros:stele1.year5:front.4.28,urn:cite:phoros:stones.atl44
urn:cts:phoros:stele1.year5:front.4.29,urn:cite:phoros:stones.atl44
urn:cts:phoros:stele1.year5:front.4.3,urn:cite:phoros:stones.atl41
urn:cts:phoros:stele1.year5:front.4.30,urn:cite:phoros:stones.atl48
urn:cts:phoros:stele1.year5:front.4.31,urn:cite:phoros:stones.atl48
urn:cts:phoros:stele1.year5:front.4.32,urn:cite:phoros:stones.atl48
urn:cts:phoros:stele1.year5:front.4.33,urn:cite:phoros:stones.atl48
urn:cts:phoros:stele1.year5:front.4.34,urn:cite:phoros:stones.atl48
urn:cts:phoros:stele1.year5:front.4.39,urn:cite:phoros:stones.atl53
urn:cts:phoros:stele1.year5:front.4.4,urn:cite:phoros:stones.atl41
urn:cts:phoros:stele1.year5:front.4.40,urn:cite:phoros:stones.atl53
urn:cts:phoros:stele1.year5:front.4.41,urn:cite:phoros:stones.atl53
urn:cts:phoros:stele1.year5:front.4.41,urn:cite:phoros:stones.atl55
urn:cts:phoros:stele1.year5:front.4.7,urn:cite:phoros:stones.atl43
urn:cts:phoros:stele1.year5:front.4.8,urn:cite:phoros:stones.atl43
urn:cts:phoros:stele1.year5:front.4.9,urn:cite:phoros:stones.atl43
urn:cts:phoros:stele1.year5:front.5.10,urn:cite:phoros:stones.atl45
urn:cts:phoros:stele1.year5:front.5.11,urn:cite:phoros:stones.atl45
urn:cts:phoros:stele1.year5:front.5.12,urn:cite:phoros:stones.atl45
urn:cts:phoros:stele1.year5:front.5.13,urn:cite:phoros:stones.atl45
urn:cts:phoros:stele1.year5:front.5.14,urn:cite:phoros:stones.atl45
urn:cts:phoros:stele1.year5:front.5.15,urn:cite:phoros:stones.atl45
urn:cts:phoros:stele1.year5:front.5.16,urn:cite:phoros:stones.atl45
urn:cts:phoros:stele1.year5:front.5.17,urn:cite:phoros:stones.atl45
urn:cts:phoros:stele1.year5:front.5.18,urn:cite:phoros:stones.atl45
urn:cts:phoros:stele1.year5:front.5.19,urn:cite:phoros:stones.atl45
urn:cts:phoros:stele1.year5:front.5.2,urn:cite:phoros:stones.atl42
urn:cts:phoros:stele1.year5:front.5.20,urn:cite:phoros:stones.atl45
urn:cts:phoros:stele1.year5:front.5.21,urn:cite:phoros:stones.atl45
urn:cts:phoros:stele1.year5:front.5.22,urn:cite:phoros:stones.atl45
urn:cts:phoros:stele1.year5:front.5.23,urn:cite:phoros:stones.atl45
urn:cts:phoros:stele1.year5:front.5.24,urn:cite:phoros:stones.atl45
urn:cts:phoros:stele1.year5:front.5.25,urn:cite:phoros:stones.atl45
urn:cts:phoros:stele1.year5:front.5.26,urn:cite:phoros:stones.atl45
urn:cts:phoros:stele1.year5:front.5.27,urn:cite:phoros:stones.atl45
urn:cts:phoros:stele1.year5:front.5.28,urn:cite:phoros:stones.atl45
urn:cts:phoros:stele1.year5:front.5.29,urn:cite:phoros:stones.atl45
urn:cts:phoros:stele1.year5:front.5.3,urn:cite:phoros:stones.atl41
urn:cts:phoros:stele1.year5:front.5.3,urn:cite:phoros:stones.atl42
urn:cts:phoros:stele1.year5:front.5.39,urn:cite:phoros:stones.atl55
urn:cts:phoros:stele1.year5:front.5.40,urn:cite:phoros:stones.atl55
urn:cts:phoros:stele1.year5:front.front.1,urn:cite:phoros:stones.atl29
urn:cts:phoros:stele1.year5:front.front.1,urn:cite:phoros:stones.atl30
urn:cts:phoros:stele1.year5:front.front.1,urn:cite:phoros:stones.atl34
urn:cts:phoros:stele1.year5:front.front.1,urn:cite:phoros:stones.atl35
urn:cts:phoros:stele1.year5:front.front.1,urn:cite:phoros:stones.atl41
urn:cts:phoros:stele1.year5:front.front.1,urn:cite:phoros:stones.atl42
urn:cts:phoros:stele1.year7:front.1.13,urn:cite:phoros:stones.atl59
urn:cts:phoros:stele1.year7:front.1.14,urn:cite:phoros:stones.atl59
urn:cts:phoros:stele1.year7:front.1.15,urn:cite:phoros:stones.atl59
urn:cts:phoros:stele1.year7:front.1.15,urn:cite:phoros:stones.atl61
urn:cts:phoros:stele1.year7:front.1.16,urn:cite:phoros:stones.atl60
urn:cts:phoros:stele1.year7:front.1.16,urn:cite:phoros:stones.atl61
urn:cts:phoros:stele1.year7:front.1.17,urn:cite:phoros:stones.atl60
urn:cts:phoros:stele1.year7:front.1.17,urn:cite:phoros:stones.atl61
urn:cts:phoros:stele1.year7:front.1.18,urn:cite:phoros:stones.atl60
urn:cts:phoros:stele1.year7:front.1.18,urn:cite:phoros:stones.atl61
urn:cts:phoros:stele1.year7:front.1.19,urn:cite:phoros:stones.atl60
urn:cts:phoros:stele1.year7:front.1.19,urn:cite:phoros:stones.atl61
urn:cts:phoros:stele1.year7:front.1.2,urn:cite:phoros:stones.atl57
urn:cts:phoros:stele1.year7:front.1.2,urn:cite:phoros:stones.atl58
urn:cts:phoros:stele1.year7:front.1.20,urn:cite:phoros:stones.atl61
urn:cts:phoros:stele1.year7:front.1.21,urn:cite:phoros:stones.atl61
urn:cts:phoros:stele1.year7:front.1.22,urn:cite:phoros:stones.atl61
urn:cts:phoros:stele1.year7:front.1.22,urn:cite:phoros:stones.atl62
urn:cts:phoros:stele1.year7:front.1.23,urn:cite:phoros:stones.atl61
urn:cts:phoros:stele1.year7:front.1.24,urn:cite:phoros:stones.atl61
urn:cts:phoros:stele1.year7:front.1.24,urn:cite:phoros:stones.atl62
urn:cts:phoros:stele1.year7:front.1.25,urn:cite:phoros:stones.atl61
urn:cts:phoros:stele1.year7:front.1.25,urn:cite:phoros:stones.atl62
urn:cts:phoros:stele1.year7:front.1.26,urn:cite:phoros:stones.atl62
urn:cts:phoros:stele1.year7:front.1.27,urn:cite:phoros:stones.atl62
urn:cts:phoros:stele1.year7:front.1.28,urn:cite:phoros:stones.atl62
urn:cts:phoros:stele1.year7:front.1.3,urn:cite:phoros:stones.atl57
urn:cts:phoros:stele1.year7:front.1.3,urn:cite:phoros:stones.atl58
urn:cts:phoros:stele1.year7:front.1.36,urn:cite:phoros:stones.atl63
urn:cts:phoros:stele1.year7:front.1.36,urn:cite:phoros:stones.atl65
urn:cts:phoros:stele1.year7:front.1.37,urn:cite:phoros:stones.atl63
urn:cts:phoros:stele1.year7:front.1.4,urn:cite:phoros:stones.atl57
urn:cts:phoros:stele1.year7:front.1.4,urn:cite:phoros:stones.atl58
urn:cts:phoros:stele1.year7:front.1.5,urn:cite:phoros:stones.atl57
urn:cts:phoros:stele1.year7:front.1.5,urn:cite:phoros:stones.atl58
urn:cts:phoros:stele1.year7:front.1.6,urn:cite:phoros:stones.atl58
urn:cts:phoros:stele1.year7:front.1.7,urn:cite:phoros:stones.atl58
urn:cts:phoros:stele1.year7:front.1.8,urn:cite:phoros:stones.atl49
urn:cts:phoros:stele1.year7:front.1.8,urn:cite:phoros:stones.atl58
urn:cts:phoros:stele1.year7:front.2.10,urn:cite:phoros:stones.atl49
urn:cts:phoros:stele1.year7:front.2.10,urn:cite:phoros:stones.atl50
urn:cts:phoros:stele1.year7:front.2.11,urn:cite:phoros:stones.atl49
urn:cts:phoros:stele1.year7:front.2.11,urn:cite:phoros:stones.atl50
urn:cts:phoros:stele1.year7:front.2.2,urn:cite:phoros:stones.atl49
urn:cts:phoros:stele1.year7:front.2.2,urn:cite:phoros:stones.atl50
urn:cts:phoros:stele1.year7:front.2.2,urn:cite:phoros:stones.atl51
urn:cts:phoros:stele1.year7:front.2.20,urn:cite:phoros:stones.atl64
urn:cts:phoros:stele1.year7:front.2.21,urn:cite:phoros:stones.atl64
urn:cts:phoros:stele1.year7:front.2.22,urn:cite:phoros:stones.atl64
urn:cts:phoros:stele1.year7:front.2.23,urn:cite:phoros:stones.atl64
urn:cts:phoros:stele1.year7:front.2.24,urn:cite:phoros:stones.atl64
urn:cts:phoros:stele1.year7:front.2.25,urn:cite:phoros:stones.atl64
urn:cts:phoros:stele1.year7:front.2.26,urn:cite:phoros:stones.atl64
urn:cts:phoros:stele1.year7:front.2.27,urn:cite:phoros:stones.atl64
urn:cts:phoros:stele1.year7:front.2.28,urn:cite:phoros:stones.atl64
urn:cts:phoros:stele1.year7:front.2.28,urn:cite:phoros:stones.atl66
urn:cts:phoros:stele1.year7:front.2.29,urn:cite:phoros:stones.atl64
urn:cts:phoros:stele1.year7:front.2.29,urn:cite:phoros:stones.atl66
urn:cts:phoros:stele1.year7:front.2.3,urn:cite:phoros:stones.atl49
urn:cts:phoros:stele1.year7:front.2.3,urn:cite:phoros:stones.atl50
urn:cts:phoros:stele1.year7:front.2.3,urn:cite:phoros:stones.atl51
urn:cts:phoros:stele1.year7:front.2.30,urn:cite:phoros:stones.atl65
urn:cts:phoros:stele1.year7:front.2.30,urn:cite:phoros:stones.atl66
urn:cts:phoros:stele1.year7:front.2.31,urn:cite:phoros:stones.atl65
urn:cts:phoros:stele1.year7:front.2.31,urn:cite:phoros:stones.atl66
urn:cts:phoros:stele1.year7:front.2.32,urn:cite:phoros:stones.atl65
urn:cts:phoros:stele1.year7:front.2.32,urn:cite:phoros:stones.atl66
urn:cts:phoros:stele1.year7:front.2.33,urn:cite:phoros:stones.atl65
urn:cts:phoros:stele1.year7:front.2.33,urn:cite:phoros:stones.atl66
urn:cts:phoros:stele1.year7:front.2.34,urn:cite:phoros:stones.atl65
urn:cts:phoros:stele1.year7:front.2.34,urn:cite:phoros:stones.atl66
urn:cts:phoros:stele1.year7:front.2.4,urn:cite:phoros:stones.atl49
urn:cts:phoros:stele1.year7:front.2.4,urn:cite:phoros:stones.atl50
urn:cts:phoros:stele1.year7:front.2.4,urn:cite:phoros:stones.atl51
urn:cts:phoros:stele1.year7:front.2.5,urn:cite:phoros:stones.atl49
urn:cts:phoros:stele1.year7:front.2.5,urn:cite:phoros:stones.atl50
urn:cts:phoros:stele1.year7:front.2.5,urn:cite:phoros:stones.atl51
urn:cts:phoros:stele1.year7:front.2.6,urn:cite:phoros:stones.atl49
urn:cts:phoros:stele1.year7:front.2.6,urn:cite:phoros:stones.atl50
urn:cts:phoros:stele1.year7:front.2.6,urn:cite:phoros:stones.atl51
urn:cts:phoros:stele1.year7:front.2.7,urn:cite:phoros:stones.atl49
urn:cts:phoros:stele1.year7:front.2.7,urn:cite:phoros:stones.atl50
urn:cts:phoros:stele1.year7:front.2.7,urn:cite:phoros:stones.atl51
urn:cts:phoros:stele1.year7:front.2.8,urn:cite:phoros:stones.atl49
urn:cts:phoros:stele1.year7:front.2.8,urn:cite:phoros:stones.atl50
urn:cts:phoros:stele1.year7:front.2.9,urn:cite:phoros:stones.atl49
urn:cts:phoros:stele1.year7:front.2.9,urn:cite:phoros:stones.atl50
urn:cts:phoros:stele1.year7:front.2.9,urn:cite:phoros:stones.atl51
urn:cts:phoros:stele1.year7:front.3.10,urn:cite:phoros:stones.atl70
urn:cts:phoros:stele1.year7:front.3.10,urn:cite:phoros:stones.atl73
urn:cts:phoros:stele1.year7:front.3.10,urn:cite:phoros:stones.atl74
urn:cts:phoros:stele1.year7:front.3.11,urn:cite:phoros:stones.atl70
urn:cts:phoros:stele1.year7:front.3.11,urn:cite:phoros:stones.atl73
urn:cts:phoros:stele1.year7:front.3.11,urn:cite:phoros:stones.atl74
urn:cts:phoros:stele1.year7:front.3.12,urn:cite:phoros:stones.atl70
urn:cts:phoros:stele1.year7:front.3.12,urn:cite:phoros:stones.atl73
urn:cts:phoros:stele1.year7:front.3.12,urn:cite:phoros:stones.atl74
urn:cts:phoros:stele1.year7:front.3.13,urn:cite:phoros:stones.atl51
urn:cts:phoros:stele1.year7:front.3.13,urn:cite:phoros:stones.atl70
urn:cts:phoros:stele1.year7:front.3.13,urn:cite:phoros:stones.atl75
urn:cts:phoros:stele1.year7:front.3.14,urn:cite:phoros:stones.atl51
urn:cts:phoros:stele1.year7:front.3.14,urn:cite:phoros:stones.atl70
urn:cts:phoros:stele1.year7:front.3.14,urn:cite:phoros:stones.atl75
urn:cts:phoros:stele1.year7:front.3.15,urn:cite:phoros:stones.atl51
urn:cts:phoros:stele1.year7:front.3.15,urn:cite:phoros:stones.atl70
urn:cts:phoros:stele1.year7:front.3.16,urn:cite:phoros:stones.atl70
urn:cts:phoros:stele1.year7:front.3.16,urn:cite:phoros:stones.atl75
urn:cts:phoros:stele1.year7:front.3.17,urn:cite:phoros:stones.atl67
urn:cts:phoros:stele1.year7:front.3.17,urn:cite:phoros:stones.atl70
urn:cts:phoros:stele1.year7:front.3.17,urn:cite:phoros:stones.atl75
urn:cts:phoros:stele1.year7:front.3.18,urn:cite:phoros:stones.atl67
urn:cts:phoros:stele1.year7:front.3.18,urn:cite:phoros:stones.atl70
urn:cts:phoros:stele1.year7:front.3.18,urn:cite:phoros:stones.atl75
urn:cts:phoros:stele1.year7:front.3.19,urn:cite:phoros:stones.atl67
urn:cts:phoros:stele1.year7:front.3.19,urn:cite:phoros:stones.atl70
urn:cts:phoros:stele1.year7:front.3.19,urn:cite:phoros:stones.atl75
urn:cts:phoros:stele1.year7:front.3.2,urn:cite:phoros:stones.atl54
urn:cts:phoros:stele1.year7:front.3.2,urn:cite:phoros:stones.atl55
urn:cts:phoros:stele1.year7:front.3.20,urn:cite:phoros:stones.atl67
urn:cts:phoros:stele1.year7:front.3.20,urn:cite:phoros:stones.atl70
urn:cts:phoros:stele1.year7:front.3.20,urn:cite:phoros:stones.atl75
urn:cts:phoros:stele1.year7:front.3.21,urn:cite:phoros:stones.atl67
urn:cts:phoros:stele1.year7:front.3.21,urn:cite:phoros:stones.atl70
urn:cts:phoros:stele1.year7:front.3.21,urn:cite:phoros:stones.atl75
urn:cts:phoros:stele1.year7:front.3.22,urn:cite:phoros:stones.atl67
urn:cts:phoros:stele1.year7:front.3.22,urn:cite:phoros:stones.atl70
urn:cts:phoros:stele1.year7:front.3.22,urn:cite:phoros:stones.atl75
urn:cts:phoros:stele1.year7:front.3.23,urn:cite:phoros:stones.atl67
urn:cts:phoros:stele1.year7:front.3.23,urn:cite:phoros:stones.atl70
urn:cts:phoros:stele1.year7:front.3.23,urn:cite:phoros:stones.atl75
urn:cts:phoros:stele1.year7:front.3.24,urn:cite:phoros:stones.atl70
urn:cts:phoros:stele1.year7:front.3.24,urn:cite:phoros:stones.atl75
urn:cts:phoros:stele1.year7:front.3.25,urn:cite:phoros:stones.atl68
urn:cts:phoros:stele1.year7:front.3.25,urn:cite:phoros:stones.atl75
urn:cts:phoros:stele1.year7:front.3.26,urn:cite:phoros:stones.atl68
urn:cts:phoros:stele1.year7:front.3.26,urn:cite:phoros:stones.atl71
urn:cts:phoros:stele1.year7:front.3.26,urn:cite:phoros:stones.atl75
urn:cts:phoros:stele1.year7:front.3.27,urn:cite:phoros:stones.atl68
urn:cts:phoros:stele1.year7:front.3.27,urn:cite:phoros:stones.atl71
urn:cts:phoros:stele1.year7:front.3.27,urn:cite:phoros:stones.atl75
urn:cts:phoros:stele1.year7:front.3.28,urn:cite:phoros:stones.atl71
urn:cts:phoros:stele1.year7:front.3.28,urn:cite:phoros:stones.atl75
urn:cts:phoros:stele1.year7:front.3.29,urn:cite:phoros:stones.atl71
urn:cts:phoros:stele1.year7:front.3.3,urn:cite:phoros:stones.atl54
urn:cts:phoros:stele1.year7:front.3.3,urn:cite:phoros:stones.atl55
urn:cts:phoros:stele1.year7:front.3.30,urn:cite:phoros:stones.atl69
urn:cts:phoros:stele1.year7:front.3.30,urn:cite:phoros:stones.atl72
urn:cts:phoros:stele1.year7:front.3.31,urn:cite:phoros:stones.atl69
urn:cts:phoros:stele1.year7:front.3.31,urn:cite:phoros:stones.atl72
urn:cts:phoros:stele1.year7:front.3.32,urn:cite:phoros:stones.atl69
urn:cts:phoros:stele1.year7:front.3.32,urn:cite:phoros:stones.atl72
urn:cts:phoros:stele1.year7:front.3.33,urn:cite:phoros:stones.atl69
urn:cts:phoros:stele1.year7:front.3.33,urn:cite:phoros:stones.atl72
urn:cts:phoros:stele1.year7:front.3.34,urn:cite:phoros:stones.atl69
urn:cts:phoros:stele1.year7:front.3.34,urn:cite:phoros:stones.atl72
urn:cts:phoros:stele1.year7:front.3.34,urn:cite:phoros:stones.atl76
urn:cts:phoros:stele1.year7:front.3.35,urn:cite:phoros:stones.atl69
urn:cts:phoros:stele1.year7:front.3.35,urn:cite:phoros:stones.atl72
urn:cts:phoros:stele1.year7:front.3.35,urn:cite:phoros:stones.atl76
urn:cts:phoros:stele1.year7:front.3.36,urn:cite:phoros:stones.atl69
urn:cts:phoros:stele1.year7:front.3.36,urn:cite:phoros:stones.atl72
urn:cts:phoros:stele1.year7:front.3.36,urn:cite:phoros:stones.atl76
urn:cts:phoros:stele1.year7:front.3.37,urn:cite:phoros:stones.atl69
urn:cts:phoros:stele1.year7:front.3.37,urn:cite:phoros:stones.atl72
urn:cts:phoros:stele1.year7:front.3.37,urn:cite:phoros:stones.atl76
urn:cts:phoros:stele1.year7:front.3.38,urn:cite:phoros:stones.atl69
urn:cts:phoros:stele1.year7:front.3.38,urn:cite:phoros:stones.atl72
urn:cts:phoros:stele1.year7:front.3.38,urn:cite:phoros:stones.atl76
urn:cts:phoros:stele1.year7:front.3.39,urn:cite:phoros:stones.atl69
urn:cts:phoros:stele1.year7:front.3.39,urn:cite:phoros:stones.atl72
urn:cts:phoros:stele1.year7:front.3.39,urn:cite:phoros:stones.atl76
urn:cts:phoros:stele1.year7:front.3.4,urn:cite:phoros:stones.atl54
urn:cts:phoros:stele1.year7:front.3.4,urn:cite:phoros:stones.atl55
urn:cts:phoros:stele1.year7:front.3.40,urn:cite:phoros:stones.atl69
urn:cts:phoros:stele1.year7:front.3.5,urn:cite:phoros:stones.atl54
urn:cts:phoros:stele1.year7:front.3.5,urn:cite:phoros:stones.atl55
urn:cts:phoros:stele1.year7:front.3.6,urn:cite:phoros:stones.atl54
urn:cts:phoros:stele1.year7:front.3.6,urn:cite:phoros:stones.atl55
urn:cts:phoros:stele1.year7:front.3.7,urn:cite:phoros:stones.atl54
urn:cts:phoros:stele1.year7:front.3.7,urn:cite:phoros:stones.atl55
urn:cts:phoros:stele1.year7:front.3.7,urn:cite:phoros:stones.atl74
urn:cts:phoros:stele1.year7:front.3.8,urn:cite:phoros:stones.atl54
urn:cts:phoros:stele1.year7:front.3.8,urn:cite:phoros:stones.atl70
urn:cts:phoros:stele1.year7:front.3.8,urn:cite:phoros:stones.atl73
urn:cts:phoros:stele1.year7:front.3.8,urn:cite:phoros:stones.atl74
urn:cts:phoros:stele1.year7:front.3.9,urn:cite:phoros:stones.atl54
urn:cts:phoros:stele1.year7:front.3.9,urn:cite:phoros:stones.atl70
urn:cts:phoros:stele1.year7:front.3.9,urn:cite:phoros:stones.atl73
urn:cts:phoros:stele1.year7:front.3.9,urn:cite:phoros:stones.atl74
urn:cts:phoros:stele1.year7:front.header.1,urn:cite:phoros:stones.atl49
urn:cts:phoros:stele1.year7:front.header.1,urn:cite:phoros:stones.atl50
urn:cts:phoros:stele1.year7:front.header.1,urn:cite:phoros:stones.atl51
urn:cts:phoros:stele1.year7:front.header.1,urn:cite:phoros:stones.atl52
urn:cts:phoros:stele1.year7:front.header.1,urn:cite:phoros:stones.atl55
urn:cts:phoros:stele1.year7:front.header.1,urn:cite:phoros:stones.atl57
urn:cts:phoros:stele1.year8:right.1.10,urn:cite:phoros:stones.atl10
urn:cts:phoros:stele1.year8:right.1.10,urn:cite:phoros:stones.atl77
urn:cts:phoros:stele1.year8:right.1.100,urn:cite:phoros:stones.atl45
urn:cts:phoros:stele1.year8:right.1.100,urn:cite:phoros:stones.atl84
urn:cts:phoros:stele1.year8:right.1.101,urn:cite:phoros:stones.atl45
urn:cts:phoros:stele1.year8:right.1.102,urn:cite:phoros:stones.atl45
urn:cts:phoros:stele1.year8:right.1.102,urn:cite:phoros:stones.atl84
urn:cts:phoros:stele1.year8:right.1.103,urn:cite:phoros:stones.atl45
urn:cts:phoros:stele1.year8:right.1.103,urn:cite:phoros:stones.atl84
urn:cts:phoros:stele1.year8:right.1.104,urn:cite:phoros:stones.atl45
urn:cts:phoros:stele1.year8:right.1.104,urn:cite:phoros:stones.atl84
urn:cts:phoros:stele1.year8:right.1.105,urn:cite:phoros:stones.atl45
urn:cts:phoros:stele1.year8:right.1.105,urn:cite:phoros:stones.atl84
urn:cts:phoros:stele1.year8:right.1.106,urn:cite:phoros:stones.atl84
urn:cts:phoros:stele1.year8:right.1.107,urn:cite:phoros:stones.atl84
urn:cts:phoros:stele1.year8:right.1.108,urn:cite:phoros:stones.atl56
urn:cts:phoros:stele1.year8:right.1.108,urn:cite:phoros:stones.atl84
urn:cts:phoros:stele1.year8:right.1.109,urn:cite:phoros:stones.atl56
urn:cts:phoros:stele1.year8:right.1.109,urn:cite:phoros:stones.atl84
urn:cts:phoros:stele1.year8:right.1.11,urn:cite:phoros:stones.atl10
urn:cts:phoros:stele1.year8:right.1.11,urn:cite:phoros:stones.atl77
urn:cts:phoros:stele1.year8:right.1.110,urn:cite:phoros:stones.atl56
urn:cts:phoros:stele1.year8:right.1.111,urn:cite:phoros:stones.atl56
urn:cts:phoros:stele1.year8:right.1.112,urn:cite:phoros:stones.atl56
urn:cts:phoros:stele1.year8:right.1.113,urn:cite:phoros:stones.atl56
urn:cts:phoros:stele1.year8:right.1.12,urn:cite:phoros:stones.atl10
urn:cts:phoros:stele1.year8:right.1.12,urn:cite:phoros:stones.atl77
urn:cts:phoros:stele1.year8:right.1.13,urn:cite:phoros:stones.atl10
urn:cts:phoros:stele1.year8:right.1.13,urn:cite:phoros:stones.atl77
urn:cts:phoros:stele1.year8:right.1.14,urn:cite:phoros:stones.atl10
urn:cts:phoros:stele1.year8:right.1.14,urn:cite:phoros:stones.atl77
urn:cts:phoros:stele1.year8:right.1.15,urn:cite:phoros:stones.atl10
urn:cts:phoros:stele1.year8:right.1.16,urn:cite:phoros:stones.atl10
urn:cts:phoros:stele1.year8:right.1.16,urn:cite:phoros:stones.atl77
urn:cts:phoros:stele1.year8:right.1.17,urn:cite:phoros:stones.atl10
urn:cts:phoros:stele1.year8:right.1.17,urn:cite:phoros:stones.atl77
urn:cts:phoros:stele1.year8:right.1.18,urn:cite:phoros:stones.atl10
urn:cts:phoros:stele1.year8:right.1.18,urn:cite:phoros:stones.atl77
urn:cts:phoros:stele1.year8:right.1.19,urn:cite:phoros:stones.atl10
urn:cts:phoros:stele1.year8:right.1.19,urn:cite:phoros:stones.atl77
urn:cts:phoros:stele1.year8:right.1.20,urn:cite:phoros:stones.atl10
urn:cts:phoros:stele1.year8:right.1.20,urn:cite:phoros:stones.atl77
urn:cts:phoros:stele1.year8:right.1.21,urn:cite:phoros:stones.atl10
urn:cts:phoros:stele1.year8:right.1.21,urn:cite:phoros:stones.atl77
urn:cts:phoros:stele1.year8:right.1.22,urn:cite:phoros:stones.atl10
urn:cts:phoros:stele1.year8:right.1.22,urn:cite:phoros:stones.atl77
urn:cts:phoros:stele1.year8:right.1.23,urn:cite:phoros:stones.atl10
urn:cts:phoros:stele1.year8:right.1.24,urn:cite:phoros:stones.atl10
urn:cts:phoros:stele1.year8:right.1.24,urn:cite:phoros:stones.atl79
urn:cts:phoros:stele1.year8:right.1.25,urn:cite:phoros:stones.atl10
urn:cts:phoros:stele1.year8:right.1.25,urn:cite:phoros:stones.atl79
urn:cts:phoros:stele1.year8:right.1.26,urn:cite:phoros:stones.atl78
urn:cts:phoros:stele1.year8:right.1.26,urn:cite:phoros:stones.atl79
urn:cts:phoros:stele1.year8:right.1.27,urn:cite:phoros:stones.atl78
urn:cts:phoros:stele1.year8:right.1.27,urn:cite:phoros:stones.atl79
urn:cts:phoros:stele1.year8:right.1.28,urn:cite:phoros:stones.atl18
urn:cts:phoros:stele1.year8:right.1.28,urn:cite:phoros:stones.atl78
urn:cts:phoros:stele1.year8:right.1.28,urn:cite:phoros:stones.atl79
urn:cts:phoros:stele1.year8:right.1.29,urn:cite:phoros:stones.atl18
urn:cts:phoros:stele1.year8:right.1.29,urn:cite:phoros:stones.atl78
urn:cts:phoros:stele1.year8:right.1.29,urn:cite:phoros:stones.atl79
urn:cts:phoros:stele1.year8:right.1.30,urn:cite:phoros:stones.atl18
urn:cts:phoros:stele1.year8:right.1.30,urn:cite:phoros:stones.atl78
urn:cts:phoros:stele1.year8:right.1.30,urn:cite:phoros:stones.atl79
urn:cts:phoros:stele1.year8:right.1.31,urn:cite:phoros:stones.atl18
urn:cts:phoros:stele1.year8:right.1.31,urn:cite:phoros:stones.atl78
urn:cts:phoros:stele1.year8:right.1.32,urn:cite:phoros:stones.atl18
urn:cts:phoros:stele1.year8:right.1.32,urn:cite:phoros:stones.atl79
urn:cts:phoros:stele1.year8:right.1.33,urn:cite:phoros:stones.atl18
urn:cts:phoros:stele1.year8:right.1.35,urn:cite:phoros:stones.atl80
urn:cts:phoros:stele1.year8:right.1.36,urn:cite:phoros:stones.atl80
urn:cts:phoros:stele1.year8:right.1.37,urn:cite:phoros:stones.atl79
urn:cts:phoros:stele1.year8:right.1.37,urn:cite:phoros:stones.atl80
urn:cts:phoros:stele1.year8:right.1.38,urn:cite:phoros:stones.atl79
urn:cts:phoros:stele1.year8:right.1.38,urn:cite:phoros:stones.atl80
urn:cts:phoros:stele1.year8:right.1.39,urn:cite:phoros:stones.atl80
urn:cts:phoros:stele1.year8:right.1.4,urn:cite:phoros:stones.atl10
urn:cts:phoros:stele1.year8:right.1.40,urn:cite:phoros:stones.atl80
urn:cts:phoros:stele1.year8:right.1.41,urn:cite:phoros:stones.atl80
urn:cts:phoros:stele1.year8:right.1.42,urn:cite:phoros:stones.atl80
urn:cts:phoros:stele1.year8:right.1.43,urn:cite:phoros:stones.atl80
urn:cts:phoros:stele1.year8:right.1.44,urn:cite:phoros:stones.atl80
urn:cts:phoros:stele1.year8:right.1.46,urn:cite:phoros:stones.atl39
urn:cts:phoros:stele1.year8:right.1.47,urn:cite:phoros:stones.atl39
urn:cts:phoros:stele1.year8:right.1.48,urn:cite:phoros:stones.atl81
urn:cts:phoros:stele1.year8:right.1.49,urn:cite:phoros:stones.atl39
urn:cts:phoros:stele1.year8:right.1.5,urn:cite:phoros:stones.atl10
urn:cts:phoros:stele1.year8:right.1.5,urn:cite:phoros:stones.atl77
urn:cts:phoros:stele1.year8:right.1.51,urn:cite:phoros:stones.atl81
urn:cts:phoros:stele1.year8:right.1.55,urn:cite:phoros:stones.atl81
urn:cts:phoros:stele1.year8:right.1.56,urn:cite:phoros:stones.atl81
urn:cts:phoros:stele1.year8:right.1.57,urn:cite:phoros:stones.atl81
urn:cts:phoros:stele1.year8:right.1.57,urn:cite:phoros:stones.atl82
urn:cts:phoros:stele1.year8:right.1.58,urn:cite:phoros:stones.atl40
urn:cts:phoros:stele1.year8:right.1.58,urn:cite:phoros:stones.atl82
urn:cts:phoros:stele1.year8:right.1.59,urn:cite:phoros:stones.atl40
urn:cts:phoros:stele1.year8:right.1.59,urn:cite:phoros:stones.atl81
urn:cts:phoros:stele1.year8:right.1.59,urn:cite:phoros:stones.atl82
urn:cts:phoros:stele1.year8:right.1.6,urn:cite:phoros:stones.atl10
urn:cts:phoros:stele1.year8:right.1.6,urn:cite:phoros:stones.atl77
urn:cts:phoros:stele1.year8:right.1.60,urn:cite:phoros:stones.atl40
urn:cts:phoros:stele1.year8:right.1.60,urn:cite:phoros:stones.atl81
urn:cts:phoros:stele1.year8:right.1.60,urn:cite:phoros:stones.atl82
urn:cts:phoros:stele1.year8:right.1.61,urn:cite:phoros:stones.atl40
urn:cts:phoros:stele1.year8:right.1.61,urn:cite:phoros:stones.atl82
urn:cts:phoros:stele1.year8:right.1.62,urn:cite:phoros:stones.atl40
urn:cts:phoros:stele1.year8:right.1.62,urn:cite:phoros:stones.atl82
urn:cts:phoros:stele1.year8:right.1.63,urn:cite:phoros:stones.atl40
urn:cts:phoros:stele1.year8:right.1.63,urn:cite:phoros:stones.atl82
urn:cts:phoros:stele1.year8:right.1.64,urn:cite:phoros:stones.atl40
urn:cts:phoros:stele1.year8:right.1.64,urn:cite:phoros:stones.atl82
urn:cts:phoros:stele1.year8:right.1.65,urn:cite:phoros:stones.atl82
urn:cts:phoros:stele1.year8:right.1.66,urn:cite:phoros:stones.atl82
urn:cts:phoros:stele1.year8:right.1.67,urn:cite:phoros:stones.atl82
urn:cts:phoros:stele1.year8:right.1.68,urn:cite:phoros:stones.atl82
urn:cts:phoros:stele1.year8:right.1.69,urn:cite:phoros:stones.atl82
urn:cts:phoros:stele1.year8:right.1.7,urn:cite:phoros:stones.atl10
urn:cts:phoros:stele1.year8:right.1.7,urn:cite:phoros:stones.atl77
urn:cts:phoros:stele1.year8:right.1.70,urn:cite:phoros:stones.atl82
urn:cts:phoros:stele1.year8:right.1.8,urn:cite:phoros:stones.atl10
urn:cts:phoros:stele1.year8:right.1.8,urn:cite:phoros:stones.atl77
urn:cts:phoros:stele1.year8:right.1.88,urn:cite:phoros:stones.atl45
urn:cts:phoros:stele1.year8:right.1.89,urn:cite:phoros:stones.atl45
urn:cts:phoros:stele1.year8:right.1.9,urn:cite:phoros:stones.atl10
urn:cts:phoros:stele1.year8:right.1.9,urn:cite:phoros:stones.atl77
urn:cts:phoros:stele1.year8:right.1.90,urn:cite:phoros:stones.atl45
urn:cts:phoros:stele1.year8:right.1.91,urn:cite:phoros:stones.atl45
urn:cts:phoros:stele1.year8:right.1.92,urn:cite:phoros:stones.atl45
urn:cts:phoros:stele1.year8:right.1.93,urn:cite:phoros:stones.atl45
urn:cts:phoros:stele1.year8:right.1.94,urn:cite:phoros:stones.atl45
urn:cts:phoros:stele1.year8:right.1.95,urn:cite:phoros:stones.atl45
urn:cts:phoros:stele1.year8:right.1.96,urn:cite:phoros:stones.atl45
urn:cts:phoros:stele1.year8:right.1.97,urn:cite:phoros:stones.atl45
urn:cts:phoros:stele1.year8:right.1.98,urn:cite:phoros:stones.atl45
urn:cts:phoros:stele1.year8:right.1.99,urn:cite:phoros:stones.atl45
urn:cts:phoros:stele1.year8:right.2.10,urn:cite:phoros:stones.atl77
urn:cts:phoros:stele1.year8:right.2.100,urn:cite:phoros:stones.atl85
urn:cts:phoros:stele1.year8:right.2.101,urn:cite:phoros:stones.atl84
urn:cts:phoros:stele1.year8:right.2.101,urn:cite:phoros:stones.atl85
urn:cts:phoros:stele1.year8:right.2.102,urn:cite:phoros:stones.atl84
urn:cts:phoros:stele1.year8:right.2.102,urn:cite:phoros:stones.atl85
urn:cts:phoros:stele1.year8:right.2.103,urn:cite:phoros:stones.atl85
urn:cts:phoros:stele1.year8:right.2.104,urn:cite:phoros:stones.atl85
urn:cts:phoros:stele1.year8:right.2.105,urn:cite:phoros:stones.atl84
urn:cts:phoros:stele1.year8:right.2.105,urn:cite:phoros:stones.atl85
urn:cts:phoros:stele1.year8:right.2.106,urn:cite:phoros:stones.atl84
urn:cts:phoros:stele1.year8:right.2.106,urn:cite:phoros:stones.atl85
urn:cts:phoros:stele1.year8:right.2.107,urn:cite:phoros:stones.atl84
urn:cts:phoros:stele1.year8:right.2.107,urn:cite:phoros:stones.atl85
urn:cts:phoros:stele1.year8:right.2.108,urn:cite:phoros:stones.atl84
urn:cts:phoros:stele1.year8:right.2.108,urn:cite:phoros:stones.atl85
urn:cts:phoros:stele1.year8:right.2.109,urn:cite:phoros:stones.atl84
urn:cts:phoros:stele1.year8:right.2.109,urn:cite:phoros:stones.atl85
urn:cts:phoros:stele1.year8:right.2.11,urn:cite:phoros:stones.atl77
urn:cts:phoros:stele1.year8:right.2.110,urn:cite:phoros:stones.atl84
urn:cts:phoros:stele1.year8:right.2.110,urn:cite:phoros:stones.atl85
urn:cts:phoros:stele1.year8:right.2.111,urn:cite:phoros:stones.atl84
urn:cts:phoros:stele1.year8:right.2.111,urn:cite:phoros:stones.atl85
urn:cts:phoros:stele1.year8:right.2.112,urn:cite:phoros:stones.atl84
urn:cts:phoros:stele1.year8:right.2.112,urn:cite:phoros:stones.atl85
urn:cts:phoros:stele1.year8:right.2.112,urn:cite:phoros:stones.atl86
urn:cts:phoros:stele1.year8:right.2.113,urn:cite:phoros:stones.atl86
urn:cts:phoros:stele1.year8:right.2.12,urn:cite:phoros:stones.atl77
urn:cts:phoros:stele1.year8:right.2.13,urn:cite:phoros:stones.atl77
urn:cts:phoros:stele1.year8:right.2.14,urn:cite:phoros:stones.atl77
urn:cts:phoros:stele1.year8:right.2.19,urn:cite:phoros:stones.atl77
urn:cts:phoros:stele1.year8:right.2.23,urn:cite:phoros:stones.atl79
urn:cts:phoros:stele1.year8:right.2.24,urn:cite:phoros:stones.atl79
urn:cts:phoros:stele1.year8:right.2.25,urn:cite:phoros:stones.atl79
urn:cts:phoros:stele1.year8:right.2.26,urn:cite:phoros:stones.atl79
urn:cts:phoros:stele1.year8:right.2.27,urn:cite:phoros:stones.atl79
urn:cts:phoros:stele1.year8:right.2.28,urn:cite:phoros:stones.atl79
urn:cts:phoros:stele1.year8:right.2.29,urn:cite:phoros:stones.atl79
urn:cts:phoros:stele1.year8:right.2.30,urn:cite:phoros:stones.atl79
urn:cts:phoros:stele1.year8:right.2.31,urn:cite:phoros:stones.atl79
urn:cts:phoros:stele1.year8:right.2.32,urn:cite:phoros:stones.atl79
urn:cts:phoros:stele1.year8:right.2.33,urn:cite:phoros:stones.atl79
urn:cts:phoros:stele1.year8:right.2.34,urn:cite:phoros:stones.atl79
urn:cts:phoros:stele1.year8:right.2.35,urn:cite:phoros:stones.atl79
urn:cts:phoros:stele1.year8:right.2.36,urn:cite:phoros:stones.atl79
urn:cts:phoros:stele1.year8:right.2.37,urn:cite:phoros:stones.atl79
urn:cts:phoros:stele1.year8:right.2.38,urn:cite:phoros:stones.atl79
urn:cts:phoros:stele1.year8:right.2.39,urn:cite:phoros:stones.atl79
urn:cts:phoros:stele1.year8:right.2.39,urn:cite:phoros:stones.atl80
urn:cts:phoros:stele1.year8:right.2.40,urn:cite:phoros:stones.atl79
urn:cts:phoros:stele1.year8:right.2.40,urn:cite:phoros:stones.atl80
urn:cts:phoros:stele1.year8:right.2.41,urn:cite:phoros:stones.atl79
urn:cts:phoros:stele1.year8:right.2.41,urn:cite:phoros:stones.atl80
urn:cts:phoros:stele1.year8:right.2.42,urn:cite:phoros:stones.atl79
urn:cts:phoros:stele1.year8:right.2.42,urn:cite:phoros:stones.atl80
urn:cts:phoros:stele1.year8:right.2.43,urn:cite:phoros:stones.atl79
urn:cts:phoros:stele1.year8:right.2.43,urn:cite:phoros:stones.atl80
urn:cts:phoros:stele1.year8:right.2.44,urn:cite:phoros:stones.atl79
urn:cts:phoros:stele1.year8:right.2.44,urn:cite:phoros:stones.atl80
urn:cts:phoros:stele1.year8:right.2.45,urn:cite:phoros:stones.atl79
urn:cts:phoros:stele1.year8:right.2.45,urn:cite:phoros:stones.atl80
urn:cts:phoros:stele1.year8:right.2.46,urn:cite:phoros:stones.atl79
urn:cts:phoros:stele1.year8:right.2.46,urn:cite:phoros:stones.atl80
urn:cts:phoros:stele1.year8:right.2.47,urn:cite:phoros:stones.atl80
urn:cts:phoros:stele1.year8:right.2.48,urn:cite:phoros:stones.atl80
urn:cts:phoros:stele1.year8:right.2.49,urn:cite:phoros:stones.atl81
urn:cts:phoros:stele1.year8:right.2.50,urn:cite:phoros:stones.atl81
urn:cts:phoros:stele1.year8:right.2.51,urn:cite:phoros:stones.atl81
urn:cts:phoros:stele1.year8:right.2.52,urn:cite:phoros:stones.atl81
urn:cts:phoros:stele1.year8:right.2.53,urn:cite:phoros:stones.atl81
urn:cts:phoros:stele1.year8:right.2.54,urn:cite:phoros:stones.atl81
urn:cts:phoros:stele1.year8:right.2.55,urn:cite:phoros:stones.atl81
urn:cts:phoros:stele1.year8:right.2.56,urn:cite:phoros:stones.atl81
urn:cts:phoros:stele1.year8:right.2.57,urn:cite:phoros:stones.atl81
urn:cts:phoros:stele1.year8:right.2.58,urn:cite:phoros:stones.atl81
urn:cts:phoros:stele1.year8:right.2.59,urn:cite:phoros:stones.atl81
urn:cts:phoros:stele1.year8:right.2.61,urn:cite:phoros:stones.atl81
urn:cts:phoros:stele1.year8:right.2.62,urn:cite:phoros:stones.atl81
urn:cts:phoros:stele1.year8:right.2.63,urn:cite:phoros:stones.atl81
urn:cts:phoros:stele1.year8:right.2.64,urn:cite:phoros:stones.atl81
urn:cts:phoros:stele1.year8:right.2.67,urn:cite:phoros:stones.atl83
urn:cts:phoros:stele1.year8:right.2.68,urn:cite:phoros:stones.atl83
urn:cts:phoros:stele1.year8:right.2.69,urn:cite:phoros:stones.atl83
urn:cts:phoros:stele1.year8:right.2.7,urn:cite:phoros:stones.atl77
urn:cts:phoros:stele1.year8:right.2.70,urn:cite:phoros:stones.atl83
urn:cts:phoros:stele1.year8:right.2.71,urn:cite:phoros:stones.atl83
urn:cts:phoros:stele1.year8:right.2.72,urn:cite:phoros:stones.atl83
urn:cts:phoros:stele1.year8:right.2.73,urn:cite:phoros:stones.atl83
urn:cts:phoros:stele1.year8:right.2.74,urn:cite:phoros:stones.atl83
urn:cts:phoros:stele1.year8:right.2.75,urn:cite:phoros:stones.atl83
urn:cts:phoros:stele1.year8:right.2.76,urn:cite:phoros:stones.atl83
urn:cts:phoros:stele1.year8:right.2.8,urn:cite:phoros:stones.atl77
urn:cts:phoros:stele1.year8:right.2.9,urn:cite:phoros:stones.atl77
urn:cts:phoros:stele1.year8:right.right.1,urn:cite:phoros:stones.atl10
urn:cts:phoros:stele1.year8:right.right.2,urn:cite:phoros:stones.atl10
urn:cts:phoros:stele1.year8:right.right.3,urn:cite:phoros:stones.atl10
